model_name,metric,mode,win_rate,skill_score,median_training_time_s_per100,median_inference_time_s_per100,median_e2e_time_s_per100,training_corpus_overlap,num_failures,win_rate_pct,skill_score_pct,rank
TimesFM-3,WQL,raw,0.858125,0.5305718652202853,0.0,3.684950821946356,3.684950821946356,0.0,0,85.8125,53.05718652202853,1
Chronos-2,WQL,raw,0.7903125,0.5151952214825128,0.0,0.8384894105803439,0.8384894105803439,0.0,0,79.03125,51.51952214825128,2
Toto-2.0-2.5B,WQL,raw,0.780625,0.4921668002139533,0.0,5.5801265210361946,5.5801265210361946,0.0,0,78.0625,49.216680021395334,3
t0-beta,WQL,raw,0.7709375,0.5082695033493024,0.0,2.291506616524533,2.291506616524533,0.0,0,77.09375,50.826950334930245,4
TiRex-2,WQL,raw,0.7418750000000001,0.49541871830300077,0.0,0.2732166898999398,0.2732166898999398,0.0,0,74.1875,49.541871830300074,5
TimesFM-2.5,WQL,raw,0.7090625,0.5082007380545572,0.0,1.8671567464010987,1.8671567464010987,0.1,0,70.90625,50.82007380545572,6
Toto-2.0-22m,WQL,raw,0.6946875,0.4766768618318692,0.0,0.25098008629032265,0.25098008629032265,0.0,0,69.46875,47.667686183186916,7
TiRex,WQL,raw,0.6803125,0.467042395291025,0.0,0.2359843339123377,0.2359843339123377,0.01,0,68.03125,46.704239529102495,8
TabPFN-TS-3,WQL,raw,0.665625,0.48823976057806895,0.0,234.61960928093293,234.61960928093293,0.0,0,66.5625,48.823976057806895,9
FlowState,WQL,raw,0.625,0.4751812088460833,0.0,2.2905174308058607,2.2905174308058607,0.08,0,62.5,47.51812088460833,10
TS-ICL,WQL,raw,0.6190625,0.47233442882071597,0.0,2.490942546116587,2.490942546116587,0.0,0,61.90624999999999,47.2334428820716,11
citras-fm,WQL,raw,0.6015625,0.45996803093015814,0.0,0.5998385805326234,0.5998385805326234,0.0,0,60.15625,45.996803093015814,12
Toto-1.0,WQL,raw,0.5931250000000001,0.45304938885630086,0.0,22.346385231789775,22.346385231789775,0.08,0,59.312500000000014,45.30493888563009,13
TabPFN-TS,WQL,raw,0.58046875,0.4664627267107563,0.0,109.39077603146256,109.39077603146256,0.0,1,58.046875,46.64627267107563,14
Moirai-2.0,WQL,raw,0.5675,0.4484899606996847,0.0,0.3505868739583333,0.3505868739583333,0.28,0,56.75,44.84899606996847,15
Chronos-Bolt,WQL,raw,0.5059375,0.43187343942010903,0.0,0.2591069257022472,0.2591069257022472,0.0,0,50.59375000000001,43.187343942010905,16
fracast-0,WQL,raw,0.43812499999999993,0.3990435785265213,0.0,0.7639398191494227,0.7639398191494227,1.0,0,43.81249999999999,39.904357852652126,17
TFT,WQL,raw,0.37875,0.3496909756614174,826.2018371833469,0.9896603560532408,828.8095651310065,0.0,0,37.875,34.96909756614174,18
Sundial-Base,WQL,raw,0.34937500000000005,0.3798645019170722,0.0,8.007535389309524,8.007535389309524,0.01,0,34.93750000000001,37.98645019170722,19
PatchTST,WQL,raw,0.338125,0.3433313768882761,661.400328723922,0.7071791652104592,663.6385071218717,0.0,0,33.8125,34.333137688827605,20
Stat. Ensemble,WQL,raw,0.31781249999999994,0.22373149282241844,0.0,146.93844335857145,146.93844335857145,0.0,4,31.781249999999993,22.373149282241844,21
DeepAR,WQL,raw,0.31078125,0.3257997581707056,1112.217865039643,1.2569051967857143,1113.4747702364286,0.0,3,31.078125,32.57997581707056,22
AutoARIMA,WQL,raw,0.27906250000000005,0.24478385201079067,0.0,20.138106313280627,20.138106313280627,0.0,4,27.906250000000004,24.478385201079067,23
CatBoost,WQL,raw,0.24843750000000003,0.26618319920348676,29.020609001294645,0.3115067528679542,29.478876215446427,0.0,0,24.843750000000004,26.618319920348675,24
LightGBM,WQL,raw,0.24625000000000002,0.24359769443081025,2.7159582672916667,0.26891816055555556,3.0325267345833335,0.0,0,24.625000000000004,24.359769443081024,25
AutoETS,WQL,raw,0.23328125,-0.2702677793164787,0.0,3.4848644275,3.4848644275,0.0,3,23.328125,-27.02677793164787,26
AutoTheta,WQL,raw,0.18875,0.07846425954475189,0.0,3.2843981888916667,3.2843981888916667,0.0,0,18.875,7.846425954475189,27
Seasonal Naive,WQL,raw,0.12875,0.0,0.0,0.4757037275,0.4757037275,0.0,0,12.875,0.0,28
Naive,WQL,raw,0.08734375,-0.3912143349013901,0.0,0.47363605499999994,0.47363605499999994,0.0,0,8.734375,-39.12143349013901,29
Drift,WQL,raw,0.07406249999999999,-0.40058509992498315,0.0,0.45445001263888885,0.45445001263888885,0.0,0,7.406249999999999,-40.058509992498315,30
