dataset_id,horizon,MASE,CRPS,baseline_MASE,baseline_CRPS,MASE_norm,CRPS_norm,MASE_rank,CRPS_rank,model_count
Online_Retail_2_UCI/D,short,0.735984,0.281989,2.140781,0.999643,0.343792,0.282090,26,26,29
Supply_Chain_Customer/D,short,0.656082,0.305556,1.693677,1.068904,0.387371,0.285859,24,25,29
Uncertainty_1M/M,short,0.415730,0.031623,1.057882,0.079352,0.392983,0.398508,22,21,29
Supply_Chain_Location/D,short,0.675879,0.310496,1.597120,1.057756,0.423186,0.293542,24,25,29
OpenElectricity_NEM/5T,short,0.496314,0.154194,1.034425,0.412300,0.479797,0.373984,24,25,29
US_Labor/M,short,0.874903,0.048583,1.784930,0.111375,0.490161,0.436208,18,18,29
CPHL/15T,short,0.710246,0.167263,1.392003,0.356065,0.510234,0.469755,28,27,29
current_velocity/5T,short,0.528672,0.231298,0.932233,0.458992,0.567103,0.503927,27,13,29
current_velocity/15T,short,0.578811,0.311232,1.005160,0.543642,0.575840,0.572495,26,24,29
Port_Activity/D,short,0.664062,0.633629,1.147129,3.361979,0.578891,0.188469,23,27,29
Vehicle_Sales/M,short,0.827556,0.067449,1.409566,0.114737,0.587100,0.587862,18,15,29
NE_China_Wind/H,short,0.517645,0.345645,0.863767,0.620671,0.599288,0.556890,21,21,29
SG_Carpark/15T,short,0.585207,0.044112,0.952207,0.078178,0.614579,0.564244,27,26,29
Finland_Traffic/15T,long,0.768007,0.197568,1.221930,0.368862,0.628520,0.535616,25,24,29
Global_Influenza/W,short,2.769893,0.489245,4.326502,1.333707,0.640215,0.366831,19,28,29
azure2019_U/5T,short,0.737558,0.172557,1.151713,0.570543,0.640401,0.302443,21,22,29
current_velocity/20T,short,0.659211,0.305049,1.027092,0.536885,0.641823,0.568182,26,26,29
Smart_Manufacturing/H,long,0.712742,0.166517,1.071904,0.317384,0.664931,0.524656,8,10,29
Coastal_T_S/20T,short,0.857686,0.004565,1.270873,0.005452,0.674879,0.837310,27,27,29
Coastal_T_S/5T,short,0.860971,0.042534,1.275741,0.082837,0.674879,0.513471,26,24,29
Smart_Manufacturing/H,medium,0.713486,0.166187,1.044595,0.272210,0.683026,0.610509,8,9,29
Housing_Inventory/M,short,0.501642,0.050280,0.718691,0.066580,0.697993,0.755188,14,14,29
Water_Quality_Darwin/15T,short,0.780636,0.056596,1.106905,0.105901,0.705242,0.534424,25,24,29
SG_PM25/H,long,0.961004,0.323006,1.354513,0.519120,0.709483,0.622220,21,16,29
Smart_Manufacturing/H,short,0.716079,0.167232,1.005507,0.235421,0.712157,0.710353,15,8,29
Finland_Traffic/15T,short,0.592460,0.265240,0.831073,0.519030,0.712886,0.511029,27,27,29
azure2019_D/5T,short,0.784224,0.159090,1.093881,0.292614,0.716919,0.543684,22,19,29
EWELD_Load/15T,short,0.699639,0.669709,0.969642,2.270806,0.721544,0.294921,25,26,29
SG_Weather/D,long,0.919800,0.178206,1.271158,0.350824,0.723592,0.507964,20,21,29
OpenElectricity_NEM/5T,medium,0.764070,0.208189,1.051764,0.342817,0.726466,0.607290,23,24,29
CPHL/15T,long,1.142242,0.248926,1.563252,0.348800,0.730683,0.713663,9,7,29
SG_Weather/D,medium,0.906570,0.182929,1.217687,0.319349,0.744502,0.572819,20,23,29
Vehicle_Supply/M,short,0.832483,0.208741,1.110328,0.347480,0.749763,0.600728,23,23,29
WUI_Global/Q,short,1.005098,0.555274,1.339423,0.824660,0.750397,0.673337,26,25,29
MetroPT-3/5T,short,0.634257,0.257456,0.845001,0.378348,0.750600,0.680473,20,15,29
CPHL/30T,short,1.311871,0.233893,1.741488,0.359688,0.753305,0.650265,26,23,29
MetroPT-3/5T,long,0.648527,0.276782,0.854510,0.385447,0.758946,0.718082,14,21,29
SG_PM25/H,short,0.898466,0.308787,1.178663,0.430106,0.762276,0.717932,26,24,29
MetroPT-3/5T,medium,0.637587,0.257116,0.833340,0.369302,0.765099,0.696223,15,19,29
Port_Activity/W,short,0.788260,0.269991,1.029757,0.494032,0.765482,0.546505,22,26,29
Coastal_T_S/15T,short,1.141128,0.074105,1.486793,0.108810,0.767510,0.681049,22,24,29
Australia_Solar/H,medium,0.582067,0.221055,0.754307,0.307865,0.771657,0.718025,6,7,29
Commodity_Production/M,short,0.966633,0.127046,1.246099,0.177793,0.775728,0.714572,24,22,29
epf_electricity_price/H,long,1.564061,0.179470,2.009358,0.261751,0.778389,0.685649,27,27,29
CPHL/15T,medium,1.071524,0.236561,1.372479,0.309644,0.780721,0.763978,23,24,29
azure2019_I/5T,short,0.790077,0.143236,1.011561,0.228059,0.781047,0.628066,24,20,29
SG_PM25/H,medium,0.945210,0.319461,1.210027,0.438710,0.781148,0.728183,23,23,29
EWELD_Load/15T,long,0.814793,0.213906,1.038798,0.375287,0.784361,0.569980,24,24,29
JOLTS/M,short,1.287289,0.076254,1.633600,0.100723,0.788007,0.757065,25,25,29
Global_Price/Q,short,1.443328,0.135891,1.823830,0.179411,0.791372,0.757428,10,12,29
epf_electricity_price/H,medium,1.481847,0.180194,1.871481,0.242972,0.791804,0.741628,27,27,29
current_velocity/10T,short,0.840149,0.332833,1.054977,0.446239,0.796367,0.745863,27,26,29
SG_Weather/D,short,0.873372,0.200413,1.093336,0.297832,0.798814,0.672907,24,24,29
Australia_Solar/H,short,0.557343,0.251166,0.696608,0.316451,0.800081,0.793697,5,8,29
current_velocity/H,long,1.616291,0.373568,2.018126,0.575337,0.800887,0.649303,20,23,29
SG_Carpark/15T,long,1.076729,0.076778,1.341230,0.102568,0.802792,0.748551,23,23,29
EWELD_Load/15T,medium,0.762614,0.220786,0.946051,0.326133,0.806103,0.676982,25,26,29
current_velocity/15T,medium,0.819378,0.348084,1.004796,0.481255,0.815467,0.723284,23,22,29
Australia_Solar/H,long,0.559212,0.207164,0.679965,0.309368,0.822412,0.669637,4,13,29
NE_China_Wind/H,long,1.203916,0.480973,1.462681,0.726419,0.823088,0.662115,18,15,29
Commodity_Import/M,short,1.537749,0.211048,1.866752,0.332716,0.823757,0.634320,20,13,29
epf_electricity_price/H,short,1.188856,0.155089,1.441713,0.197604,0.824613,0.784846,27,27,29
CPHL/30T,long,1.716675,0.296947,2.068756,0.373294,0.829810,0.795477,20,16,29
NE_China_Wind/H,medium,0.931624,0.438728,1.120508,0.643898,0.831431,0.681363,24,17,29
current_velocity/H,medium,1.550986,0.380772,1.863642,0.522411,0.832234,0.728874,25,24,29
CPHL/H,short,1.265330,0.223249,1.515144,0.297403,0.835122,0.750662,23,20,29
current_velocity/15T,long,0.961790,0.363904,1.138544,0.491967,0.844755,0.739693,23,18,29
CPHL/30T,medium,1.438077,0.256018,1.690671,0.342408,0.850596,0.747698,25,19,29
Coastal_T_S/H,short,1.061699,0.023880,1.244440,0.035649,0.853155,0.669873,25,24,29
SG_Carpark/15T,medium,0.817332,0.054061,0.957385,0.070043,0.853713,0.771827,26,26,29
OpenElectricity_NEM/5T,long,0.893116,0.209651,1.044733,0.265696,0.854875,0.789064,22,10,29
Coastal_T_S/15T,medium,1.280105,0.073061,1.493161,0.107011,0.857312,0.682746,22,22,29
Coastal_T_S/5T,medium,1.103586,0.046772,1.287195,0.081676,0.857358,0.572656,22,21,29
Finland_Traffic/15T,medium,0.681836,0.181709,0.789932,0.242631,0.863158,0.748911,27,27,29
CPHL/H,long,2.131937,0.359579,2.465175,0.441126,0.864822,0.815139,23,15,29
Coastal_T_S/15T,long,1.407063,0.074390,1.624001,0.110788,0.866418,0.671464,18,21,29
CPHL/H,medium,1.916468,0.321816,2.190084,0.397754,0.875066,0.809084,25,21,29
US_Term_Structure/B,short,1.544950,0.213159,1.741202,0.248435,0.887290,0.858006,20,12,29
Coastal_T_S/5T,long,1.384660,0.059640,1.547393,0.091992,0.894834,0.648311,19,24,29
Coastal_T_S/H,long,2.474408,0.041996,2.746168,0.062654,0.901040,0.670287,21,25,29
Job_Claims/W,short,2.612984,0.018568,2.845080,0.019447,0.918422,0.954803,9,22,29
current_velocity/5T,medium,0.846961,0.287178,0.918453,0.393677,0.922160,0.729478,25,16,29
Coastal_T_S/H,medium,1.964355,0.037301,2.121074,0.052801,0.926113,0.706443,21,24,29
Oil_Price/B,short,1.389993,0.047977,1.500521,0.053386,0.926340,0.898694,25,25,29
current_velocity/H,short,0.977003,0.315753,1.044177,0.379684,0.935668,0.831620,25,26,29
current_velocity/20T,long,1.275654,0.404504,1.341973,0.491704,0.950581,0.822658,25,22,29
Water_Quality_Darwin/15T,long,1.579437,0.092773,1.629114,0.136428,0.969507,0.680014,20,20,29
current_velocity/20T,medium,1.003336,0.351375,1.031672,0.428229,0.972534,0.820531,25,25,29
current_velocity/5T,long,1.134151,0.372155,1.150964,0.429771,0.985392,0.865938,25,22,29
Water_Quality_Darwin/15T,medium,1.095453,0.069634,1.107629,0.099437,0.989007,0.700277,21,22,29
ECDC_COVID/D,short,3.628103,0.414775,3.577583,0.619998,1.014121,0.668994,25,25,29
current_velocity/10T,long,1.525560,0.422990,1.454832,0.452461,1.048616,0.934867,27,27,29
Crypto/D,short,6.614432,0.079926,6.299691,0.083192,1.049961,0.960740,16,13,29
ECDC_COVID/W,short,1.727487,0.854719,1.624622,0.795553,1.063316,1.074371,24,28,29
Auto_Production_SF/M,short,1.079166,0.032961,0.977221,0.031801,1.104321,1.036467,25,25,29
Coastal_T_S/20T,long,2.103534,0.010541,1.818052,0.007915,1.157027,1.331811,25,26,29
current_velocity/10T,medium,1.223347,0.376122,1.055843,0.382115,1.158644,0.984318,27,26,29
Coastal_T_S/20T,medium,1.638994,0.008318,1.291099,0.005469,1.269456,1.520900,26,26,29
