leaderboard_rank,model,MASE_norm,MASE_avg_rank,CRPS_norm,CRPS_avg_rank
1,TimesFM-3,0.639768,4.908163,0.536336,4.530612
2,Toto-2.0-2.5B,0.641859,6.346939,0.539396,6.306122
3,Toto-2.0-313m,0.644375,6.795918,0.542300,6.928571
4,Toto-2.0-1B,0.644764,6.908163,0.544589,7.489796
5,PatchTST-FM-Extended,0.661833,8.846939,0.556756,9.724490
6,Chronos-2,0.662004,8.867347,0.556326,9.132653
7,t0_beta,0.664678,10.438776,0.555094,9.397959
8,OmniScient,0.668502,11.112245,0.562168,10.112245
9,TimesFM-2.5,0.668601,10.989796,0.567352,12.387755
10,Toto-2.0-22m,0.670321,11.765306,0.561593,10.826531
11,PatchTST-FM-R1,0.670998,10.897959,0.563710,10.632653
12,Tabby,0.677003,11.214286,0.564360,9.653061
13,TiRex,0.683122,13.020408,0.573097,13.020408
14,Toto-2.0-4m,0.691002,15.081633,0.582490,14.663265
15,TS-ICL,0.694112,14.755102,0.580538,13.683673
16,Toto,0.697967,16.346939,0.583899,15.704082
17,Eidos,0.699606,15.183673,0.587298,15.020408
18,Timer-S1,0.702118,13.346939,0.588627,13.183673
19,Moirai2,0.702996,17.071429,0.588487,16.571429
20,TimesFM-2.0,0.717685,18.571429,0.619612,19.244898
21,Chronos-bolt,0.732840,19.642857,0.619983,20.561224
22,Kairos,0.739473,20.316327,0.644025,22.112245
23,sundial_base,0.757550,20.826531,0.663378,23.785714
24,Fracast-0,0.767965,21.816327,0.649192,21.275510
25,litespecformer,0.786922,22.234694,0.653413,22.448980
26,TimesFM-1.0,0.788310,23.846939,0.688728,24.612245
27,visiontspp_base,0.805063,21.928571,0.671224,21.306122
28,Moirai_base,0.825591,24.357143,0.666196,22.214286
29,seasonal_naive,1.000000,27.561224,1.000000,28.469388
