model,horizon,MASE_norm,MASE_avg_rank,CRPS_norm,CRPS_avg_rank,MASE_rank,CRPS_rank
TimesFM-3,long,0.694145,3.708333,0.589296,3.416667,1.000000,1.000000
Toto-2.0-313m,long,0.706190,6.375000,0.600271,5.708333,2.000000,2.000000
Toto-2.0-1B,long,0.706250,7.208333,0.603237,6.833333,3.000000,4.000000
Toto-2.0-2.5B,long,0.706602,7.208333,0.602055,6.625000,4.000000,3.000000
PatchTST-FM-Extended,long,0.714620,7.416667,0.608964,8.166667,5.000000,5.000000
PatchTST-FM-R1,long,0.724528,9.291667,0.615269,8.541667,6.000000,8.000000
OmniScient,long,0.728913,10.791667,0.613690,9.125000,7.000000,7.000000
Chronos-2,long,0.731410,10.500000,0.617048,10.041667,8.000000,9.000000
Tabby,long,0.732430,9.250000,0.611720,6.125000,9.000000,6.000000
TimesFM-2.5,long,0.734004,10.833333,0.624387,11.333333,10.000000,12.000000
t0_beta,long,0.735754,12.125000,0.623879,10.333333,11.000000,11.000000
Toto-2.0-22m,long,0.738673,12.541667,0.622346,10.666667,12.000000,10.000000
TiRex,long,0.760773,13.666667,0.642271,13.208333,13.000000,13.000000
TS-ICL,long,0.764928,13.833333,0.643189,12.958333,14.000000,14.000000
Toto-2.0-4m,long,0.769050,15.791667,0.644530,14.041667,15.000000,15.000000
Eidos,long,0.776519,14.916667,0.672326,17.750000,16.000000,18.000000
Toto,long,0.791886,17.333333,0.664897,16.041667,17.000000,16.000000
Moirai2,long,0.794019,19.208333,0.679771,19.625000,18.000000,19.000000
TimesFM-2.0,long,0.796737,18.791667,0.728239,22.833333,19.000000,23.000000
Kairos,long,0.801540,18.833333,0.729120,23.166667,20.000000,24.000000
visiontspp_base,long,0.805175,19.041667,0.670110,17.250000,21.000000,17.000000
Chronos-bolt,long,0.821298,20.208333,0.712456,21.916667,22.000000,21.000000
sundial_base,long,0.830710,20.333333,0.736207,23.125000,23.000000,25.000000
Fracast-0,long,0.833422,20.041667,0.708427,19.583333,24.000000,20.000000
Timer-S1,long,0.855102,15.041667,0.713764,15.041667,25.000000,22.000000
TimesFM-1.0,long,0.868862,23.958333,0.811501,26.583333,26.000000,28.000000
Moirai_base,long,0.916424,24.750000,0.741374,21.750000,27.000000,26.000000
litespecformer,long,0.926535,24.500000,0.784461,24.875000,28.000000,27.000000
seasonal_naive,long,1.000000,27.500000,1.000000,28.333333,29.000000,29.000000
TimesFM-3,medium,0.682679,3.625000,0.605686,3.458333,1.000000,1.000000
Toto-2.0-2.5B,medium,0.696165,7.000000,0.618553,7.083333,2.000000,2.000000
Toto-2.0-1B,medium,0.696411,6.750000,0.620874,7.583333,3.000000,4.000000
Toto-2.0-313m,medium,0.700226,7.000000,0.620117,6.708333,4.000000,3.000000
PatchTST-FM-Extended,medium,0.710344,8.125000,0.625722,8.625000,5.000000,5.000000
Chronos-2,medium,0.715516,8.666667,0.629755,8.458333,6.000000,7.000000
Tabby,medium,0.716126,8.041667,0.627231,6.708333,7.000000,6.000000
t0_beta,medium,0.719519,10.291667,0.633205,9.583333,8.000000,9.000000
OmniScient,medium,0.720841,9.833333,0.632469,8.833333,9.000000,8.000000
TimesFM-2.5,medium,0.722299,10.791667,0.641625,12.500000,10.000000,12.000000
PatchTST-FM-R1,medium,0.723227,9.666667,0.633554,10.041667,11.000000,10.000000
Timer-S1,medium,0.728450,11.250000,0.639640,10.833333,12.000000,11.000000
Toto-2.0-22m,medium,0.729517,11.833333,0.642364,10.833333,13.000000,13.000000
TS-ICL,medium,0.749185,14.166667,0.654015,12.291667,14.000000,14.000000
Toto-2.0-4m,medium,0.753317,15.541667,0.662570,14.708333,15.000000,16.000000
TiRex,medium,0.758997,15.041667,0.661506,14.291667,16.000000,15.000000
Toto,medium,0.759906,17.416667,0.665134,16.833333,17.000000,17.000000
Eidos,medium,0.769393,15.083333,0.667625,15.416667,18.000000,18.000000
Moirai2,medium,0.769920,18.083333,0.673323,17.916667,19.000000,19.000000
TimesFM-2.0,medium,0.790663,19.500000,0.702060,19.666667,20.000000,20.000000
Kairos,medium,0.804488,19.791667,0.720010,21.958333,21.000000,22.000000
Chronos-bolt,medium,0.808636,19.458333,0.710110,21.250000,22.000000,21.000000
sundial_base,medium,0.813381,21.125000,0.746682,24.458333,23.000000,25.000000
visiontspp_base,medium,0.844550,21.833333,0.727867,20.916667,24.000000,23.000000
Fracast-0,medium,0.855065,22.250000,0.736344,21.666667,25.000000,24.000000
TimesFM-1.0,medium,0.871481,24.750000,0.783081,25.750000,26.000000,28.000000
litespecformer,medium,0.912869,24.583333,0.771391,24.333333,27.000000,26.000000
Moirai_base,medium,0.939142,25.666667,0.781813,23.708333,28.000000,27.000000
seasonal_naive,medium,1.000000,27.833333,1.000000,28.583333,29.000000,29.000000
Toto-2.0-2.5B,short,0.589489,5.620000,0.479130,5.780000,1.000000,1.000000
Toto-2.0-313m,short,0.592536,6.900000,0.484301,7.620000,2.000000,3.000000
Toto-2.0-1B,short,0.594772,6.840000,0.486878,7.760000,3.000000,4.000000
TimesFM-3,short,0.596326,6.100000,0.483568,5.580000,4.000000,2.000000
Chronos-2,short,0.607956,8.180000,0.498758,9.020000,5.000000,6.000000
t0_beta,short,0.609405,9.700000,0.492685,8.860000,6.000000,5.000000
Toto-2.0-22m,short,0.614327,11.360000,0.501183,10.900000,7.000000,7.000000
TimesFM-2.5,short,0.616040,11.160000,0.510786,12.840000,8.000000,11.000000
PatchTST-FM-Extended,short,0.616604,9.880000,0.504239,11.000000,9.000000,8.000000
TiRex,short,0.616735,11.740000,0.506484,12.320000,10.000000,9.000000
OmniScient,short,0.618521,11.880000,0.509359,11.200000,11.000000,10.000000
PatchTST-FM-R1,short,0.623872,12.260000,0.511048,11.920000,12.000000,12.000000
Timer-S1,short,0.627544,13.540000,0.515623,13.420000,13.000000,15.000000
Toto-2.0-4m,short,0.629755,14.520000,0.521599,14.940000,14.000000,18.000000
Toto,short,0.630658,15.360000,0.515351,15.000000,15.000000,14.000000
Tabby,short,0.634562,13.680000,0.516107,12.760000,16.000000,16.000000
Moirai2,short,0.634768,15.560000,0.514758,14.460000,17.000000,13.000000
Eidos,short,0.635753,15.360000,0.517546,13.520000,18.000000,17.000000
TS-ICL,short,0.638647,15.480000,0.521943,14.700000,19.000000,19.000000
TimesFM-2.0,short,0.651574,18.020000,0.540012,17.320000,20.000000,20.000000
Chronos-bolt,short,0.661813,19.460000,0.543380,19.580000,21.000000,21.000000
litespecformer,short,0.677543,20.020000,0.552691,20.380000,22.000000,22.000000
Kairos,short,0.683211,21.280000,0.575153,21.680000,23.000000,23.000000
sundial_base,short,0.700437,20.920000,0.596192,23.780000,24.000000,26.000000
Fracast-0,short,0.701284,22.460000,0.586018,21.900000,25.000000,24.000000
TimesFM-1.0,short,0.716978,23.360000,0.598532,23.120000,26.000000,27.000000
Moirai_base,short,0.738146,23.540000,0.586074,21.720000,27.000000,25.000000
visiontspp_base,short,0.786718,23.360000,0.646138,23.440000,28.000000,28.000000
seasonal_naive,short,1.000000,27.460000,1.000000,28.480000,29.000000,29.000000
