model_name,dataset_path,dataset_config,horizon,num_windows,initial_cutoff,window_step_size,min_context_length,max_context_length,seasonality,eval_metric,extra_metrics,quantile_levels,id_column,timestamp_column,target,generate_univariate_targets_from,known_dynamic_columns,past_dynamic_columns,static_columns,task_name,test_error,training_time_s,inference_time_s,num_forecasts,dataset_fingerprint,trained_on_this_dataset,fev_version,SQL,MASE,WAPE,WQL,model_class,model_kwargs
fracast-0,autogluon/fev_datasets,proenfo_gfc12,168,10,-1680,168,1,,24,SQL,"['MASE', {'name': 'WAPE', 'epsilon': 1.0}, {'name': 'WQL', 'epsilon': 1.0}]","[0.1, 0.2, 0.3, 0.4, 0.5, 0.6, 0.7, 0.8, 0.9]",id,timestamp,target,,['airtemperature'],[],[],proenfo_gfc12,0.9029324947360673,0.0,4.3129159990057815,110,70e6cce11b73757a,True,0.11.0.dev0,0.9029324947360673,1.1155546597377406,0.09797330230746154,0.07785153353760363,fracast-0,"{""model_id"":""ztxtech/fracast-0"",""weights"":""w8"",""batch_size"":512,""device"":""mps""}"
fracast-0,autogluon/fev_datasets,proenfo_gfc14,168,20,-3360,168,1,,24,SQL,"['MASE', {'name': 'WAPE', 'epsilon': 1.0}, {'name': 'WQL', 'epsilon': 1.0}]","[0.1, 0.2, 0.3, 0.4, 0.5, 0.6, 0.7, 0.8, 0.9]",id,timestamp,target,,['airtemperature'],[],[],proenfo_gfc14,0.8036813291068146,0.0,0.7711854149820283,20,87312edc76952605,True,0.11.0.dev0,0.8036813291068146,1.0116518196212734,0.04976503734711905,0.03951928290267103,fracast-0,"{""model_id"":""ztxtech/fracast-0"",""weights"":""w8"",""batch_size"":512,""device"":""mps""}"
fracast-0,autogluon/fev_datasets,proenfo_gfc17,168,20,-3360,168,1,,24,SQL,"['MASE', {'name': 'WAPE', 'epsilon': 1.0}, {'name': 'WQL', 'epsilon': 1.0}]","[0.1, 0.2, 0.3, 0.4, 0.5, 0.6, 0.7, 0.8, 0.9]",id,timestamp,target,,['airtemperature'],[],[],proenfo_gfc17,0.9555249611247204,0.0,3.7701819599606097,160,897258c227dde589,True,0.11.0.dev0,0.9555249611247204,1.2313900962522277,0.08366849197758826,0.06462582546249777,fracast-0,"{""model_id"":""ztxtech/fracast-0"",""weights"":""w8"",""batch_size"":512,""device"":""mps""}"
fracast-0,autogluon/fev_datasets,rohlik_sales_1D,14,1,2023-12-15T00:00:00,14,14,,7,SQL,"['MASE', {'name': 'WAPE', 'epsilon': 1.0}, {'name': 'WQL', 'epsilon': 1.0}]","[0.1, 0.2, 0.3, 0.4, 0.5, 0.6, 0.7, 0.8, 0.9]",id,timestamp,sales,,"['holiday', 'school_holidays', 'sell_price_main', 'shops_closed', 'total_orders', 'type_0_discount', 'type_1_discount', 'type_2_discount', 'type_3_discount', 'type_4_discount', 'type_5_discount', 'type_6_discount', 'winter_school_holidays']",['availability'],"['L1_category_name_en', 'L2_category_name_en', 'L3_category_name_en', 'L4_category_name_en', 'name', 'product_unique_id', 'warehouse']",rohlik_sales_1D,1.2128313510351367,0.0,45.85637249999854,4116,2c9ecdd477948cce,True,0.11.0.dev0,1.2128313510351367,1.4547852728231667,0.39634454671072206,0.3312689605665006,fracast-0,"{""model_id"":""ztxtech/fracast-0"",""weights"":""w8"",""batch_size"":512,""device"":""mps""}"
fracast-0,autogluon/fev_datasets,rohlik_orders_1D,61,5,2023-05-01T00:00:00,61,1,,7,SQL,"['MASE', {'name': 'WAPE', 'epsilon': 1.0}, {'name': 'WQL', 'epsilon': 1.0}]","[0.1, 0.2, 0.3, 0.4, 0.5, 0.6, 0.7, 0.8, 0.9]",id,timestamp,orders,,"['holiday', 'school_holidays', 'shops_closed', 'winter_school_holidays']","['blackout', 'frankfurt_shutdown', 'mini_shutdown', 'mov_change', 'precipitation', 'shutdown', 'snow', 'user_activity_1', 'user_activity_2']",[],rohlik_orders_1D,1.1540609473346979,0.0,0.9502661650039954,35,d4ccf61e0ac3ccdf,True,0.11.0.dev0,1.1540609473346979,1.4489090909599756,0.06761316933431466,0.053991890559288956,fracast-0,"{""model_id"":""ztxtech/fracast-0"",""weights"":""w8"",""batch_size"":512,""device"":""mps""}"
fracast-0,autogluon/fev_datasets,rohlik_sales_1W,8,1,2023-12-15T00:00:00,8,8,,1,SQL,"['MASE', {'name': 'WAPE', 'epsilon': 1.0}, {'name': 'WQL', 'epsilon': 1.0}]","[0.1, 0.2, 0.3, 0.4, 0.5, 0.6, 0.7, 0.8, 0.9]",id,timestamp,sales,,"['holiday', 'school_holidays', 'sell_price_main', 'shops_closed', 'total_orders', 'type_0_discount', 'type_1_discount', 'type_2_discount', 'type_3_discount', 'type_4_discount', 'type_5_discount', 'type_6_discount', 'winter_school_holidays']",['availability'],"['L1_category_name_en', 'L2_category_name_en', 'L3_category_name_en', 'L4_category_name_en', 'name', 'product_unique_id', 'warehouse']",rohlik_sales_1W,1.5134354754631667,0.0,61.40153604200168,3942,149ec34eb852d454,True,0.11.0.dev0,1.5134354754631667,1.8635700748852877,0.2928034467162736,0.23888532570179166,fracast-0,"{""model_id"":""ztxtech/fracast-0"",""weights"":""w8"",""batch_size"":512,""device"":""mps""}"
fracast-0,autogluon/fev_datasets,rohlik_orders_1W,8,5,2023-05-01T00:00:00,8,1,,1,SQL,"['MASE', {'name': 'WAPE', 'epsilon': 1.0}, {'name': 'WQL', 'epsilon': 1.0}]","[0.1, 0.2, 0.3, 0.4, 0.5, 0.6, 0.7, 0.8, 0.9]",id,timestamp,orders,,"['holiday', 'school_holidays', 'shops_closed', 'winter_school_holidays']","['blackout', 'frankfurt_shutdown', 'mini_shutdown', 'mov_change', 'precipitation', 'shutdown', 'snow', 'user_activity_1', 'user_activity_2']",[],rohlik_orders_1W,1.6390169031579376,0.0,6.383364499997697,35,4eea90b920dec215,True,0.11.0.dev0,1.6390169031579376,2.0639742175500433,0.0677548724159728,0.05402689770818586,fracast-0,"{""model_id"":""ztxtech/fracast-0"",""weights"":""w8"",""batch_size"":512,""device"":""mps""}"
fracast-0,autogluon/fev_datasets,entsoe_15T,96,20,-1920,96,1,,96,SQL,"['MASE', {'name': 'WAPE', 'epsilon': 1.0}, {'name': 'WQL', 'epsilon': 1.0}]","[0.1, 0.2, 0.3, 0.4, 0.5, 0.6, 0.7, 0.8, 0.9]",id,timestamp,target,,"['radiation_diffuse_horizontal', 'radiation_direct_horizontal', 'temperature']",[],[],entsoe_15T,0.7045175665325717,0.0,4.603446376946522,120,8facdab2c9ff5bd5,True,0.11.0.dev0,0.7045175665325717,0.8567975114553142,0.06793964840759668,0.055745863069593636,fracast-0,"{""model_id"":""ztxtech/fracast-0"",""weights"":""w8"",""batch_size"":512,""device"":""mps""}"
fracast-0,autogluon/fev_datasets,entsoe_30T,96,20,-1920,96,1,,48,SQL,"['MASE', {'name': 'WAPE', 'epsilon': 1.0}, {'name': 'WQL', 'epsilon': 1.0}]","[0.1, 0.2, 0.3, 0.4, 0.5, 0.6, 0.7, 0.8, 0.9]",id,timestamp,target,,"['radiation_diffuse_horizontal', 'radiation_direct_horizontal', 'temperature']",[],[],entsoe_30T,0.7626805373655346,0.0,1.774558667006204,120,98ab81cde986fe22,True,0.11.0.dev0,0.7626805373655346,0.9850750709492546,0.07133201823014959,0.056303062343730184,fracast-0,"{""model_id"":""ztxtech/fracast-0"",""weights"":""w8"",""batch_size"":512,""device"":""mps""}"
fracast-0,autogluon/fev_datasets,entsoe_1H,168,20,-3360,168,1,,24,SQL,"['MASE', {'name': 'WAPE', 'epsilon': 1.0}, {'name': 'WQL', 'epsilon': 1.0}]","[0.1, 0.2, 0.3, 0.4, 0.5, 0.6, 0.7, 0.8, 0.9]",id,timestamp,target,,"['radiation_diffuse_horizontal', 'radiation_direct_horizontal', 'temperature']",[],[],entsoe_1H,0.6110721410476141,0.0,4.808016291994136,120,c1b23331fc6093bc,True,0.11.0.dev0,0.6110721410476141,0.7463921892631472,0.049511589797094344,0.04131366064056329,fracast-0,"{""model_id"":""ztxtech/fracast-0"",""weights"":""w8"",""batch_size"":512,""device"":""mps""}"
fracast-0,autogluon/fev_datasets,epf_be,24,20,-480,24,1,,24,SQL,"['MASE', {'name': 'WAPE', 'epsilon': 1.0}, {'name': 'WQL', 'epsilon': 1.0}]","[0.1, 0.2, 0.3, 0.4, 0.5, 0.6, 0.7, 0.8, 0.9]",id,timestamp,target,,"['Generation forecast', 'System load forecast']",[],[],epf_be,0.6951177234052859,0.0,2.2182279609987745,20,2b9df413e5ec356e,True,0.11.0.dev0,0.6951177234052859,0.8382921086467411,0.15341388879368817,0.12708498150591116,fracast-0,"{""model_id"":""ztxtech/fracast-0"",""weights"":""w8"",""batch_size"":512,""device"":""mps""}"
fracast-0,autogluon/fev_datasets,epf_de,24,20,-480,24,1,,24,SQL,"['MASE', {'name': 'WAPE', 'epsilon': 1.0}, {'name': 'WQL', 'epsilon': 1.0}]","[0.1, 0.2, 0.3, 0.4, 0.5, 0.6, 0.7, 0.8, 0.9]",id,timestamp,target,,"['Ampirion Load Forecast', 'PV+Wind Forecast']",[],[],epf_de,1.1533021598206923,0.0,0.21295558306155726,20,bc6dede7cf6a507b,True,0.11.0.dev0,1.1533021598206923,1.4877428242876374,0.6881687198149408,0.5334686087080712,fracast-0,"{""model_id"":""ztxtech/fracast-0"",""weights"":""w8"",""batch_size"":512,""device"":""mps""}"
fracast-0,autogluon/fev_datasets,epf_fr,24,20,-480,24,1,,24,SQL,"['MASE', {'name': 'WAPE', 'epsilon': 1.0}, {'name': 'WQL', 'epsilon': 1.0}]","[0.1, 0.2, 0.3, 0.4, 0.5, 0.6, 0.7, 0.8, 0.9]",id,timestamp,target,,"['Generation forecast', 'System load forecast']",[],[],epf_fr,0.6516971581198601,0.0,0.4314789160271175,20,a00b09fd79e0529e,True,0.11.0.dev0,0.6516971581198601,0.7206385679105194,0.1129809793965894,0.10221619772992792,fracast-0,"{""model_id"":""ztxtech/fracast-0"",""weights"":""w8"",""batch_size"":512,""device"":""mps""}"
fracast-0,autogluon/fev_datasets,epf_np,24,20,-480,24,1,,24,SQL,"['MASE', {'name': 'WAPE', 'epsilon': 1.0}, {'name': 'WQL', 'epsilon': 1.0}]","[0.1, 0.2, 0.3, 0.4, 0.5, 0.6, 0.7, 0.8, 0.9]",id,timestamp,target,,"['Grid load forecast', 'Wind power forecast']",[],[],epf_np,1.3052752200451736,0.0,0.38458820698724594,20,9830dda233defc6c,True,0.11.0.dev0,1.3052752200451736,1.6443809425158122,0.07433216670833051,0.05868962575158941,fracast-0,"{""model_id"":""ztxtech/fracast-0"",""weights"":""w8"",""batch_size"":512,""device"":""mps""}"
fracast-0,autogluon/fev_datasets,epf_pjm,24,20,-480,24,1,,24,SQL,"['MASE', {'name': 'WAPE', 'epsilon': 1.0}, {'name': 'WQL', 'epsilon': 1.0}]","[0.1, 0.2, 0.3, 0.4, 0.5, 0.6, 0.7, 0.8, 0.9]",id,timestamp,target,,"['System load forecast', 'Zonal COMED load foecast']",[],[],epf_pjm,0.4904011685289955,0.0,0.37696149898692966,20,9228310bf7192a0a,True,0.11.0.dev0,0.4904011685289955,0.5812545614911402,0.10381130638483278,0.08767936503216074,fracast-0,"{""model_id"":""ztxtech/fracast-0"",""weights"":""w8"",""batch_size"":512,""device"":""mps""}"
fracast-0,autogluon/fev_datasets,rossmann_1D,48,10,-480,48,1,,7,SQL,"['MASE', {'name': 'WAPE', 'epsilon': 1.0}, {'name': 'WQL', 'epsilon': 1.0}]","[0.1, 0.2, 0.3, 0.4, 0.5, 0.6, 0.7, 0.8, 0.9]",id,timestamp,Sales,,"['DayOfWeek', 'Open', 'Promo', 'SchoolHoliday', 'StateHoliday']",['Customers'],"['Assortment', 'CompetitionDistance', 'CompetitionOpenSinceMonth', 'CompetitionOpenSinceYear', 'Promo2', 'Promo2SinceWeek', 'Promo2SinceYear', 'PromoInterval', 'Store', 'StoreType']",rossmann_1D,0.5460126972353514,0.0,84.44377583300229,11150,83a79b0a9a999f56,True,0.11.0.dev0,0.5460126972353514,0.6632889284839563,0.22600883942231365,0.18579444534973305,fracast-0,"{""model_id"":""ztxtech/fracast-0"",""weights"":""w8"",""batch_size"":512,""device"":""mps""}"
fracast-0,autogluon/fev_datasets,rossmann_1W,13,8,-104,13,1,,1,SQL,"['MASE', {'name': 'WAPE', 'epsilon': 1.0}, {'name': 'WQL', 'epsilon': 1.0}]","[0.1, 0.2, 0.3, 0.4, 0.5, 0.6, 0.7, 0.8, 0.9]",id,timestamp,Sales,,"['Open', 'Promo', 'SchoolHoliday', 'StateHoliday']",['Customers'],"['Assortment', 'CompetitionDistance', 'CompetitionOpenSinceMonth', 'CompetitionOpenSinceYear', 'Promo2', 'Promo2SinceWeek', 'Promo2SinceYear', 'PromoInterval', 'Store', 'StoreType']",rossmann_1W,0.5329999770942466,0.0,121.00068012499833,8920,28f46b06b50c6d84,True,0.11.0.dev0,0.5329999770942466,0.7117557683394238,0.1953733105736431,0.14470945798222212,fracast-0,"{""model_id"":""ztxtech/fracast-0"",""weights"":""w8"",""batch_size"":512,""device"":""mps""}"
fracast-0,autogluon/fev_datasets,restaurant,28,8,-224,28,1,,7,SQL,"['MASE', {'name': 'WAPE', 'epsilon': 1.0}, {'name': 'WQL', 'epsilon': 1.0}]","[0.1, 0.2, 0.3, 0.4, 0.5, 0.6, 0.7, 0.8, 0.9]",id,timestamp,target,,[],[],"['air_area_name', 'air_genre_name', 'latitude', 'longitude']",restaurant,0.6954294192621363,0.0,83.52040291800222,6502,eb8da1769444e614,True,0.11.0.dev0,0.6954294192621363,0.8761921062288939,0.36880268139161243,0.29051959737566857,fracast-0,"{""model_id"":""ztxtech/fracast-0"",""weights"":""w8"",""batch_size"":512,""device"":""mps""}"
fracast-0,autogluon/fev_datasets,hermes,52,1,-52,52,1,,1,SQL,"['MASE', {'name': 'WAPE', 'epsilon': 1.0}, {'name': 'WQL', 'epsilon': 1.0}]","[0.1, 0.2, 0.3, 0.4, 0.5, 0.6, 0.7, 0.8, 0.9]",id,timestamp,target,,['external'],[],"['category', 'country']",hermes,0.7905896497067889,0.0,170.12608512501174,10000,003815c209114c79,True,0.11.0.dev0,0.7905896497067889,1.005903745737347,0.003910873061136946,0.0030700804064277337,fracast-0,"{""model_id"":""ztxtech/fracast-0"",""weights"":""w8"",""batch_size"":512,""device"":""mps""}"
fracast-0,autogluon/fev_datasets,walmart,39,1,-39,39,1,,1,SQL,"['MASE', {'name': 'WAPE', 'epsilon': 1.0}, {'name': 'WQL', 'epsilon': 1.0}]","[0.1, 0.2, 0.3, 0.4, 0.5, 0.6, 0.7, 0.8, 0.9]",id,timestamp,target,,"['CPI', 'Fuel_Price', 'IsHoliday', 'MarkDown1', 'MarkDown2', 'MarkDown3', 'MarkDown4', 'MarkDown5', 'Temperature', 'Unemployment']",[],"['Dept', 'Size', 'Store', 'Type']",walmart,0.8129118901838216,0.0,75.31952145799005,2936,5de0711be36aab0b,True,0.11.0.dev0,0.8129118901838216,1.014506940898371,0.1259689655166689,0.10181419452765432,fracast-0,"{""model_id"":""ztxtech/fracast-0"",""weights"":""w8"",""batch_size"":512,""device"":""mps""}"
fracast-0,autogluon/fev_datasets,m5_1D,28,1,-28,28,1,,7,SQL,"['MASE', {'name': 'WAPE', 'epsilon': 1.0}, {'name': 'WQL', 'epsilon': 1.0}]","[0.1, 0.2, 0.3, 0.4, 0.5, 0.6, 0.7, 0.8, 0.9]",id,timestamp,target,,"['event_Cultural', 'event_National', 'event_Religious', 'event_Sporting', 'sell_price', 'snap_CA', 'snap_TX', 'snap_WI']",[],"['cat_id', 'dept_id', 'item_id', 'state_id', 'store_id']",m5_1D,0.7418353883508156,0.0,269.8806860830082,30490,91e836c1eb428f2d,True,0.11.0.dev0,0.7418353883508156,0.897676612997825,0.7168476884405084,0.5664283400963503,fracast-0,"{""model_id"":""ztxtech/fracast-0"",""weights"":""w8"",""batch_size"":512,""device"":""mps""}"
fracast-0,autogluon/fev_datasets,m5_1W,13,1,-13,13,1,,1,SQL,"['MASE', {'name': 'WAPE', 'epsilon': 1.0}, {'name': 'WQL', 'epsilon': 1.0}]","[0.1, 0.2, 0.3, 0.4, 0.5, 0.6, 0.7, 0.8, 0.9]",id,timestamp,target,,"['event_Cultural', 'event_National', 'event_Religious', 'event_Sporting', 'sell_price', 'snap_CA', 'snap_TX', 'snap_WI']",[],"['cat_id', 'dept_id', 'item_id', 'state_id', 'store_id']",m5_1W,0.9103450864952889,0.0,273.989163582999,30490,bb4e7816349be551,True,0.11.0.dev0,0.9103450864952889,1.1721196622003305,0.43673959459680767,0.34162609445969594,fracast-0,"{""model_id"":""ztxtech/fracast-0"",""weights"":""w8"",""batch_size"":512,""device"":""mps""}"
fracast-0,autogluon/fev_datasets,m5_1M,12,1,-12,12,6,,12,SQL,"['MASE', {'name': 'WAPE', 'epsilon': 1.0}, {'name': 'WQL', 'epsilon': 1.0}]","[0.1, 0.2, 0.3, 0.4, 0.5, 0.6, 0.7, 0.8, 0.9]",id,timestamp,target,,"['event_Cultural', 'event_National', 'event_Religious', 'event_Sporting', 'sell_price', 'snap_CA', 'snap_TX', 'snap_WI']",[],"['cat_id', 'dept_id', 'item_id', 'state_id', 'store_id']",m5_1M,0.9695038323957577,0.0,236.79168100000243,29364,4dcc997759fda726,True,0.11.0.dev0,0.9695038323957577,1.1539124116810904,0.4207572634075224,0.33530462484165163,fracast-0,"{""model_id"":""ztxtech/fracast-0"",""weights"":""w8"",""batch_size"":512,""device"":""mps""}"
fracast-0,autogluon/fev_datasets,hierarchical_sales_1D,28,10,-280,28,1,,7,SQL,"['MASE', {'name': 'WAPE', 'epsilon': 1.0}, {'name': 'WQL', 'epsilon': 1.0}]","[0.1, 0.2, 0.3, 0.4, 0.5, 0.6, 0.7, 0.8, 0.9]",id,timestamp,target,,[],[],[],hierarchical_sales_1D,0.5641220743215738,0.0,14.865978083995287,1180,569b9f333dc43810,True,0.11.0.dev0,0.5641220743215738,0.6944505030998493,0.7009746689725292,0.5754417736227257,fracast-0,"{""model_id"":""ztxtech/fracast-0"",""weights"":""w8"",""batch_size"":512,""device"":""mps""}"
fracast-0,autogluon/fev_datasets,hierarchical_sales_1W,13,10,-130,13,1,,1,SQL,"['MASE', {'name': 'WAPE', 'epsilon': 1.0}, {'name': 'WQL', 'epsilon': 1.0}]","[0.1, 0.2, 0.3, 0.4, 0.5, 0.6, 0.7, 0.8, 0.9]",id,timestamp,target,,[],[],[],hierarchical_sales_1W,0.6442134202532408,0.0,9.14181399998779,1180,51efc7d99ad351b6,True,0.11.0.dev0,0.6442134202532408,0.7834195380884368,0.44349633238068015,0.3794760092357343,fracast-0,"{""model_id"":""ztxtech/fracast-0"",""weights"":""w8"",""batch_size"":512,""device"":""mps""}"
fracast-0,autogluon/fev_datasets,favorita_stores_1D,28,10,-280,28,1,,7,SQL,"['MASE', {'name': 'WAPE', 'epsilon': 1.0}, {'name': 'WQL', 'epsilon': 1.0}]","[0.1, 0.2, 0.3, 0.4, 0.5, 0.6, 0.7, 0.8, 0.9]",id,timestamp,sales,,"['holiday', 'onpromotion']",['oil_price'],"['city', 'cluster', 'family', 'state', 'store_nbr', 'type']",favorita_stores_1D,1.0540644469922449,0.0,99.58854325202992,15790,2f332ce1cd71d139,True,0.11.0.dev0,1.0540644469922449,1.289269181044816,0.1730155646344042,0.1433207670933289,fracast-0,"{""model_id"":""ztxtech/fracast-0"",""weights"":""w8"",""batch_size"":512,""device"":""mps""}"
fracast-0,autogluon/fev_datasets,favorita_stores_1W,13,10,-130,13,1,,1,SQL,"['MASE', {'name': 'WAPE', 'epsilon': 1.0}, {'name': 'WQL', 'epsilon': 1.0}]","[0.1, 0.2, 0.3, 0.4, 0.5, 0.6, 0.7, 0.8, 0.9]",id,timestamp,sales,,['onpromotion'],['oil_price'],"['city', 'cluster', 'family', 'state', 'store_nbr', 'type']",favorita_stores_1W,2.098050598557153,0.0,71.83456491601828,15790,34ca8727dcbb9c1a,True,0.11.0.dev0,2.098050598557153,2.525718788292946,0.14722191039353932,0.12259889134317596,fracast-0,"{""model_id"":""ztxtech/fracast-0"",""weights"":""w8"",""batch_size"":512,""device"":""mps""}"
fracast-0,autogluon/fev_datasets,favorita_stores_1M,12,2,-24,12,1,,12,SQL,"['MASE', {'name': 'WAPE', 'epsilon': 1.0}, {'name': 'WQL', 'epsilon': 1.0}]","[0.1, 0.2, 0.3, 0.4, 0.5, 0.6, 0.7, 0.8, 0.9]",id,timestamp,sales,,['onpromotion'],['oil_price'],"['city', 'cluster', 'family', 'state', 'store_nbr', 'type']",favorita_stores_1M,1.9227635834447736,0.0,10.31543570899521,3158,838e35b99c2032ca,True,0.11.0.dev0,1.9227635834447736,2.245048056842972,0.18668206204467355,0.14058070559864222,fracast-0,"{""model_id"":""ztxtech/fracast-0"",""weights"":""w8"",""batch_size"":512,""device"":""mps""}"
fracast-0,autogluon/fev_datasets,favorita_transactions_1D,28,10,-280,28,1,,7,SQL,"['MASE', {'name': 'WAPE', 'epsilon': 1.0}, {'name': 'WQL', 'epsilon': 1.0}]","[0.1, 0.2, 0.3, 0.4, 0.5, 0.6, 0.7, 0.8, 0.9]",id,timestamp,transactions,,['holiday'],['oil_price'],"['city', 'cluster', 'state', 'store_nbr', 'type']",favorita_transactions_1D,1.2756555185248855,0.0,1.6052309590158984,510,48943abb349dc31b,True,0.11.0.dev0,1.2756555185248855,1.6865320054233965,0.10129835092368514,0.08415604263976217,fracast-0,"{""model_id"":""ztxtech/fracast-0"",""weights"":""w8"",""batch_size"":512,""device"":""mps""}"
fracast-0,autogluon/fev_datasets,favorita_transactions_1W,13,10,-130,13,1,,1,SQL,"['MASE', {'name': 'WAPE', 'epsilon': 1.0}, {'name': 'WQL', 'epsilon': 1.0}]","[0.1, 0.2, 0.3, 0.4, 0.5, 0.6, 0.7, 0.8, 0.9]",id,timestamp,transactions,,[],['oil_price'],"['city', 'cluster', 'state', 'store_nbr', 'type']",favorita_transactions_1W,1.5169174482967935,0.0,1.431507418048568,510,53825d45abbbebd4,True,0.11.0.dev0,1.5169174482967935,2.0153228760935584,0.07068618003083313,0.05838045509942922,fracast-0,"{""model_id"":""ztxtech/fracast-0"",""weights"":""w8"",""batch_size"":512,""device"":""mps""}"
fracast-0,autogluon/fev_datasets,favorita_transactions_1M,12,2,-24,12,1,,12,SQL,"['MASE', {'name': 'WAPE', 'epsilon': 1.0}, {'name': 'WQL', 'epsilon': 1.0}]","[0.1, 0.2, 0.3, 0.4, 0.5, 0.6, 0.7, 0.8, 0.9]",id,timestamp,transactions,,[],['oil_price'],"['city', 'cluster', 'state', 'store_nbr', 'type']",favorita_transactions_1M,1.2731204385167825,0.0,0.3668013749993406,102,ea60d62aee5c7662,True,0.11.0.dev0,1.2731204385167825,1.5916843521309556,0.08542365438401228,0.0729266580793724,fracast-0,"{""model_id"":""ztxtech/fracast-0"",""weights"":""w8"",""batch_size"":512,""device"":""mps""}"
fracast-0,autogluon/fev_datasets,solar_with_weather_15T,96,20,-1920,96,1,,96,SQL,"['MASE', {'name': 'WAPE', 'epsilon': 1.0}, {'name': 'WQL', 'epsilon': 1.0}]","[0.1, 0.2, 0.3, 0.4, 0.5, 0.6, 0.7, 0.8, 0.9]",id,timestamp,target,,"['day_length', 'humidity', 'pressure', 'rain_1h', 'snow_1h', 'temp', 'wind_speed']","['clouds_all', 'global_horizontal_irradiance']",[],solar_with_weather_15T,0.9368326469152122,0.0,0.4191313320334302,20,6e766232f6e4f0ac,True,0.11.0.dev0,0.9368326469152122,1.1384177681122738,1.5234816361102017,1.3203449210480067,fracast-0,"{""model_id"":""ztxtech/fracast-0"",""weights"":""w8"",""batch_size"":512,""device"":""mps""}"
fracast-0,autogluon/fev_datasets,solar_with_weather_1H,24,20,-480,24,1,,24,SQL,"['MASE', {'name': 'WAPE', 'epsilon': 1.0}, {'name': 'WQL', 'epsilon': 1.0}]","[0.1, 0.2, 0.3, 0.4, 0.5, 0.6, 0.7, 0.8, 0.9]",id,timestamp,target,,"['day_length', 'humidity', 'pressure', 'rain_1h', 'snow_1h', 'temp', 'wind_speed']","['clouds_all', 'global_horizontal_irradiance']",[],solar_with_weather_1H,0.8805491706980055,0.0,0.18975429398415145,20,12eed0644b253066,True,0.11.0.dev0,0.8805491706980055,1.0983619567417475,1.298466601999263,1.0579776776886227,fracast-0,"{""model_id"":""ztxtech/fracast-0"",""weights"":""w8"",""batch_size"":512,""device"":""mps""}"
fracast-0,autogluon/fev_datasets,solar_1D,28,10,-280,28,1,,1,SQL,"['MASE', {'name': 'WAPE', 'epsilon': 1.0}, {'name': 'WQL', 'epsilon': 1.0}]","[0.1, 0.2, 0.3, 0.4, 0.5, 0.6, 0.7, 0.8, 0.9]",id,timestamp,target,,[],[],[],solar_1D,0.6312952034157789,0.0,3.7079039589880267,1370,ae293fab54bb1beb,True,0.11.0.dev0,0.6312952034157789,0.7836307296987165,0.24679898461771893,0.19878198811887252,fracast-0,"{""model_id"":""ztxtech/fracast-0"",""weights"":""w8"",""batch_size"":512,""device"":""mps""}"
fracast-0,autogluon/fev_datasets,solar_1W,13,1,-13,13,1,,1,SQL,"['MASE', {'name': 'WAPE', 'epsilon': 1.0}, {'name': 'WQL', 'epsilon': 1.0}]","[0.1, 0.2, 0.3, 0.4, 0.5, 0.6, 0.7, 0.8, 0.9]",id,timestamp,target,,[],[],[],solar_1W,1.3200511366350052,0.0,0.48273391599650495,137,63a28ed11ce85dc9,True,0.11.0.dev0,1.3200511366350052,1.7751952355730782,0.2975374117337911,0.22186746916793693,fracast-0,"{""model_id"":""ztxtech/fracast-0"",""weights"":""w8"",""batch_size"":512,""device"":""mps""}"
fracast-0,autogluon/fev_datasets,kdd_cup_2022_10T,288,10,-2880,288,1,,144,SQL,"['MASE', {'name': 'WAPE', 'epsilon': 1.0}, {'name': 'WQL', 'epsilon': 1.0}]","[0.1, 0.2, 0.3, 0.4, 0.5, 0.6, 0.7, 0.8, 0.9]",id,timestamp,Patv,,[],"['Etmp', 'Itmp', 'Ndir', 'Pab1', 'Pab2', 'Pab3', 'Prtv', 'Wdir', 'Wspd']",[],kdd_cup_2022_10T,0.43781989330306714,0.0,20.82823991602345,1340,16cef2ee148416f8,True,0.11.0.dev0,0.43781989330306714,0.5304829201715124,1.30762350817855,1.097426763852747,fracast-0,"{""model_id"":""ztxtech/fracast-0"",""weights"":""w8"",""batch_size"":512,""device"":""mps""}"
fracast-0,autogluon/fev_datasets,kdd_cup_2022_30T,96,10,-960,96,1,,48,SQL,"['MASE', {'name': 'WAPE', 'epsilon': 1.0}, {'name': 'WQL', 'epsilon': 1.0}]","[0.1, 0.2, 0.3, 0.4, 0.5, 0.6, 0.7, 0.8, 0.9]",id,timestamp,Patv,,[],"['Etmp', 'Itmp', 'Ndir', 'Pab1', 'Pab2', 'Pab3', 'Prtv', 'Wdir', 'Wspd']",[],kdd_cup_2022_30T,0.46223268950750035,0.0,6.985383373015793,1340,d65c83db5d8286cf,True,0.11.0.dev0,0.46223268950750035,0.5692973875678105,1.7445920323078905,1.566420971346757,fracast-0,"{""model_id"":""ztxtech/fracast-0"",""weights"":""w8"",""batch_size"":512,""device"":""mps""}"
fracast-0,autogluon/fev_datasets,kdd_cup_2022_1D,14,10,-140,14,1,,1,SQL,"['MASE', {'name': 'WAPE', 'epsilon': 1.0}, {'name': 'WQL', 'epsilon': 1.0}]","[0.1, 0.2, 0.3, 0.4, 0.5, 0.6, 0.7, 0.8, 0.9]",id,timestamp,Patv,,[],"['Etmp', 'Itmp', 'Ndir', 'Pab1', 'Pab2', 'Pab3', 'Prtv', 'Wdir', 'Wspd']",[],kdd_cup_2022_1D,0.7258900660818318,0.0,3.539524585037725,1340,4126635775d467d9,True,0.11.0.dev0,0.7258900660818318,0.9281251651935204,0.7488860349661473,0.5879839120237094,fracast-0,"{""model_id"":""ztxtech/fracast-0"",""weights"":""w8"",""batch_size"":512,""device"":""mps""}"
fracast-0,autogluon/fev_datasets,uci_air_quality_1H,168,20,-3360,168,1,,24,SQL,"['MASE', {'name': 'WAPE', 'epsilon': 1.0}, {'name': 'WQL', 'epsilon': 1.0}]","[0.1, 0.2, 0.3, 0.4, 0.5, 0.6, 0.7, 0.8, 0.9]",id,timestamp,"['C6H6(GT)', 'CO(GT)', 'NO2(GT)', 'NOx(GT)']",,"['AH', 'RH', 'T']",[],[],uci_air_quality_1H,0.9350092351059456,0.0,1.1887614159786608,80,770ea30aa1f2a0fd,True,0.11.0.dev0,0.9350092351059456,1.2049285630102042,0.3957009517811709,0.30564310886856283,fracast-0,"{""model_id"":""ztxtech/fracast-0"",""weights"":""w8"",""batch_size"":512,""device"":""mps""}"
fracast-0,autogluon/fev_datasets,uci_air_quality_1D,28,11,-308,28,1,,7,SQL,"['MASE', {'name': 'WAPE', 'epsilon': 1.0}, {'name': 'WQL', 'epsilon': 1.0}]","[0.1, 0.2, 0.3, 0.4, 0.5, 0.6, 0.7, 0.8, 0.9]",id,timestamp,"['C6H6(GT)', 'CO(GT)', 'NO2(GT)', 'NOx(GT)']",,"['AH', 'RH', 'T']",[],[],uci_air_quality_1D,1.1834286111626997,0.0,0.2041776229889365,44,b6e9003deabe1eba,True,0.11.0.dev0,1.1834286111626997,1.516504811836002,0.30834036580749125,0.23914629989687777,fracast-0,"{""model_id"":""ztxtech/fracast-0"",""weights"":""w8"",""batch_size"":512,""device"":""mps""}"
fracast-0,autogluon/fev_datasets,LOOP_SEATTLE_5T,288,10,-2880,288,1,,288,SQL,"['MASE', {'name': 'WAPE', 'epsilon': 1.0}, {'name': 'WQL', 'epsilon': 1.0}]","[0.1, 0.2, 0.3, 0.4, 0.5, 0.6, 0.7, 0.8, 0.9]",id,timestamp,target,,[],[],[],LOOP_SEATTLE_5T,0.57177916592686,0.0,51.17006216601294,3230,7855faba94bb7184,True,0.11.0.dev0,0.57177916592686,0.7106006520663505,0.07718433991940683,0.062191157285548346,fracast-0,"{""model_id"":""ztxtech/fracast-0"",""weights"":""w8"",""batch_size"":512,""device"":""mps""}"
fracast-0,autogluon/fev_datasets,LOOP_SEATTLE_1D,28,10,-280,28,1,,7,SQL,"['MASE', {'name': 'WAPE', 'epsilon': 1.0}, {'name': 'WQL', 'epsilon': 1.0}]","[0.1, 0.2, 0.3, 0.4, 0.5, 0.6, 0.7, 0.8, 0.9]",id,timestamp,target,,[],[],[],LOOP_SEATTLE_1D,0.8392849287562762,0.0,8.971213790995535,3230,d46589b2c9e45a4d,True,0.11.0.dev0,0.8392849287562762,1.0252082111229783,0.03874093747191566,0.031670315220351866,fracast-0,"{""model_id"":""ztxtech/fracast-0"",""weights"":""w8"",""batch_size"":512,""device"":""mps""}"
fracast-0,autogluon/fev_datasets,LOOP_SEATTLE_1H,168,10,-1680,168,1,,24,SQL,"['MASE', {'name': 'WAPE', 'epsilon': 1.0}, {'name': 'WQL', 'epsilon': 1.0}]","[0.1, 0.2, 0.3, 0.4, 0.5, 0.6, 0.7, 0.8, 0.9]",id,timestamp,target,,[],[],[],LOOP_SEATTLE_1H,0.7501724501354472,0.0,33.24752162703953,3230,002ea9451d732fea,True,0.11.0.dev0,0.7501724501354472,0.9422226204705787,0.08106778576302712,0.06457301508299869,fracast-0,"{""model_id"":""ztxtech/fracast-0"",""weights"":""w8"",""batch_size"":512,""device"":""mps""}"
fracast-0,autogluon/fev_datasets,M_DENSE_1D,28,10,-280,28,1,,7,SQL,"['MASE', {'name': 'WAPE', 'epsilon': 1.0}, {'name': 'WQL', 'epsilon': 1.0}]","[0.1, 0.2, 0.3, 0.4, 0.5, 0.6, 0.7, 0.8, 0.9]",id,timestamp,target,,[],[],[],M_DENSE_1D,0.9013812443323065,0.0,1.0477024560095742,300,f18fd4e8b2a34059,True,0.11.0.dev0,0.9013812443323065,1.096624760384898,0.11467303509337042,0.09601954689570358,fracast-0,"{""model_id"":""ztxtech/fracast-0"",""weights"":""w8"",""batch_size"":512,""device"":""mps""}"
fracast-0,autogluon/fev_datasets,M_DENSE_1H,168,10,-1680,168,1,,24,SQL,"['MASE', {'name': 'WAPE', 'epsilon': 1.0}, {'name': 'WQL', 'epsilon': 1.0}]","[0.1, 0.2, 0.3, 0.4, 0.5, 0.6, 0.7, 0.8, 0.9]",id,timestamp,target,,[],[],[],M_DENSE_1H,0.6710349198999479,0.0,3.2543131240236107,300,f40bfe9afb7b3e51,True,0.11.0.dev0,0.6710349198999479,0.8213349318811144,0.1706900594201691,0.13903328479764163,fracast-0,"{""model_id"":""ztxtech/fracast-0"",""weights"":""w8"",""batch_size"":512,""device"":""mps""}"
fracast-0,autogluon/fev_datasets,SZ_TAXI_15T,96,10,-960,96,1,,96,SQL,"['MASE', {'name': 'WAPE', 'epsilon': 1.0}, {'name': 'WQL', 'epsilon': 1.0}]","[0.1, 0.2, 0.3, 0.4, 0.5, 0.6, 0.7, 0.8, 0.9]",id,timestamp,target,,[],[],[],SZ_TAXI_15T,0.411554211816543,0.0,8.108082750986796,1560,4bd3ed28835dc961,True,0.11.0.dev0,0.411554211816543,0.5182562366676197,0.2477668341850055,0.19632722261395533,fracast-0,"{""model_id"":""ztxtech/fracast-0"",""weights"":""w8"",""batch_size"":512,""device"":""mps""}"
fracast-0,autogluon/fev_datasets,SZ_TAXI_1H,168,2,-336,168,1,,24,SQL,"['MASE', {'name': 'WAPE', 'epsilon': 1.0}, {'name': 'WQL', 'epsilon': 1.0}]","[0.1, 0.2, 0.3, 0.4, 0.5, 0.6, 0.7, 0.8, 0.9]",id,timestamp,target,,[],[],[],SZ_TAXI_1H,0.45006280078044925,0.0,3.298805958998855,312,a22b45b2f394c6d4,True,0.11.0.dev0,0.45006280078044925,0.5122066475521075,0.17240630316315295,0.1528940978659261,fracast-0,"{""model_id"":""ztxtech/fracast-0"",""weights"":""w8"",""batch_size"":512,""device"":""mps""}"
fracast-0,autogluon/fev_datasets,redset_5T,288,10,-2880,288,1,,288,SQL,"['MASE', {'name': 'WAPE', 'epsilon': 1.0}, {'name': 'WQL', 'epsilon': 1.0}]","[0.1, 0.2, 0.3, 0.4, 0.5, 0.6, 0.7, 0.8, 0.9]",id,timestamp,target,,[],[],['subset'],redset_5T,0.8884735397602727,0.0,18.257391084029223,1180,706c03b5beda8537,True,0.11.0.dev0,0.8884735397602727,1.0314293771702012,0.40931130543748456,0.3433872728639341,fracast-0,"{""model_id"":""ztxtech/fracast-0"",""weights"":""w8"",""batch_size"":512,""device"":""mps""}"
fracast-0,autogluon/fev_datasets,redset_15T,96,10,-960,96,1,,96,SQL,"['MASE', {'name': 'WAPE', 'epsilon': 1.0}, {'name': 'WQL', 'epsilon': 1.0}]","[0.1, 0.2, 0.3, 0.4, 0.5, 0.6, 0.7, 0.8, 0.9]",id,timestamp,target,,[],[],['subset'],redset_15T,1.119737982330281,0.0,6.63161771101295,1260,08bf434cbfb37dc0,True,0.11.0.dev0,1.119737982330281,1.2259613297139307,0.3239214457279799,0.2726561504603459,fracast-0,"{""model_id"":""ztxtech/fracast-0"",""weights"":""w8"",""batch_size"":512,""device"":""mps""}"
fracast-0,autogluon/fev_datasets,redset_1H,24,10,-240,24,1,,24,SQL,"['MASE', {'name': 'WAPE', 'epsilon': 1.0}, {'name': 'WQL', 'epsilon': 1.0}]","[0.1, 0.2, 0.3, 0.4, 0.5, 0.6, 0.7, 0.8, 0.9]",id,timestamp,target,,[],[],['subset'],redset_1H,1.4834588397362913,0.0,3.739606372982962,1380,e8e85a6b0b054d1f,True,0.11.0.dev0,1.4834588397362913,1.5710983438797126,0.263367722847467,0.2289888515707509,fracast-0,"{""model_id"":""ztxtech/fracast-0"",""weights"":""w8"",""batch_size"":512,""device"":""mps""}"
fracast-0,autogluon/fev_datasets,hospital_admissions_1D,28,20,-560,28,1,,7,SQL,"['MASE', {'name': 'WAPE', 'epsilon': 1.0}, {'name': 'WQL', 'epsilon': 1.0}]","[0.1, 0.2, 0.3, 0.4, 0.5, 0.6, 0.7, 0.8, 0.9]",id,timestamp,target,,[],[],[],hospital_admissions_1D,0.5568349237829093,0.0,0.550429708964657,160,3f0a46c7e6210f5f,True,0.11.0.dev0,0.5568349237829093,0.7214079335959895,0.5351617967567281,0.4130561176335645,fracast-0,"{""model_id"":""ztxtech/fracast-0"",""weights"":""w8"",""batch_size"":512,""device"":""mps""}"
fracast-0,autogluon/fev_datasets,hospital_admissions_1W,13,16,-208,13,1,,1,SQL,"['MASE', {'name': 'WAPE', 'epsilon': 1.0}, {'name': 'WQL', 'epsilon': 1.0}]","[0.1, 0.2, 0.3, 0.4, 0.5, 0.6, 0.7, 0.8, 0.9]",id,timestamp,target,,[],[],[],hospital_admissions_1W,0.586473028704644,0.0,0.3827247070148587,128,008ee200cfa88de1,True,0.11.0.dev0,0.586473028704644,0.7634791335448095,0.21504074560566794,0.16526858549346674,fracast-0,"{""model_id"":""ztxtech/fracast-0"",""weights"":""w8"",""batch_size"":512,""device"":""mps""}"
fracast-0,autogluon/fev_datasets,ETT_1W,13,5,-65,13,1,,1,SQL,"['MASE', {'name': 'WAPE', 'epsilon': 1.0}, {'name': 'WQL', 'epsilon': 1.0}]","[0.1, 0.2, 0.3, 0.4, 0.5, 0.6, 0.7, 0.8, 0.9]",id,timestamp,"['HUFL', 'HULL', 'LUFL', 'LULL', 'MUFL', 'MULL', 'OT']",,[],[],[],ETT_1W,2.3394270374132304,0.0,0.3259782100067241,70,7eda996e7e174b76,True,0.11.0.dev0,2.3394270374132304,2.708147647421675,0.5000523113912358,0.3912771850044966,fracast-0,"{""model_id"":""ztxtech/fracast-0"",""weights"":""w8"",""batch_size"":512,""device"":""mps""}"
fracast-0,autogluon/fev_datasets,ETT_1D,28,20,-560,28,1,,7,SQL,"['MASE', {'name': 'WAPE', 'epsilon': 1.0}, {'name': 'WQL', 'epsilon': 1.0}]","[0.1, 0.2, 0.3, 0.4, 0.5, 0.6, 0.7, 0.8, 0.9]",id,timestamp,"['HUFL', 'HULL', 'LUFL', 'LULL', 'MUFL', 'MULL', 'OT']",,[],[],[],ETT_1D,1.1434470693104783,0.0,0.6923788349376991,280,09165729d889736c,True,0.11.0.dev0,1.1434470693104783,1.3614641029080508,0.33854713328198727,0.27490775051430494,fracast-0,"{""model_id"":""ztxtech/fracast-0"",""weights"":""w8"",""batch_size"":512,""device"":""mps""}"
fracast-0,autogluon/fev_datasets,ETT_1H,168,20,-3360,168,1,,24,SQL,"['MASE', {'name': 'WAPE', 'epsilon': 1.0}, {'name': 'WQL', 'epsilon': 1.0}]","[0.1, 0.2, 0.3, 0.4, 0.5, 0.6, 0.7, 0.8, 0.9]",id,timestamp,"['HUFL', 'HULL', 'LUFL', 'LULL', 'MUFL', 'MULL', 'OT']",,[],[],[],ETT_1H,0.9022686760874461,0.0,2.5729770829348126,280,8990bcbad8689c1f,True,0.11.0.dev0,0.9022686760874461,1.1391987451500332,0.24609927083624913,0.1962893213389572,fracast-0,"{""model_id"":""ztxtech/fracast-0"",""weights"":""w8"",""batch_size"":512,""device"":""mps""}"
fracast-0,autogluon/fev_datasets,ETT_15T,96,20,-1920,96,1,,96,SQL,"['MASE', {'name': 'WAPE', 'epsilon': 1.0}, {'name': 'WQL', 'epsilon': 1.0}]","[0.1, 0.2, 0.3, 0.4, 0.5, 0.6, 0.7, 0.8, 0.9]",id,timestamp,"['HUFL', 'HULL', 'LUFL', 'LULL', 'MUFL', 'MULL', 'OT']",,[],[],[],ETT_15T,0.613548020897241,0.0,1.3280767500109505,280,b25a46033df1ea43,True,0.11.0.dev0,0.613548020897241,0.7725245606889936,0.1240046368935613,0.09825015167611569,fracast-0,"{""model_id"":""ztxtech/fracast-0"",""weights"":""w8"",""batch_size"":512,""device"":""mps""}"
fracast-0,autogluon/fev_datasets,hospital,12,4,-48,12,1,,12,SQL,"['MASE', {'name': 'WAPE', 'epsilon': 1.0}, {'name': 'WQL', 'epsilon': 1.0}]","[0.1, 0.2, 0.3, 0.4, 0.5, 0.6, 0.7, 0.8, 0.9]",id,timestamp,target,,[],[],[],hospital,0.6898728413000828,0.0,9.650271332007833,3068,fa8f208d01d9a008,True,0.11.0.dev0,0.6898728413000828,0.872818310865988,0.0912757344728193,0.07361565606383429,fracast-0,"{""model_id"":""ztxtech/fracast-0"",""weights"":""w8"",""batch_size"":512,""device"":""mps""}"
fracast-0,autogluon/fev_datasets,jena_weather_10T,144,20,-2880,144,1,,144,SQL,"['MASE', {'name': 'WAPE', 'epsilon': 1.0}, {'name': 'WQL', 'epsilon': 1.0}]","[0.1, 0.2, 0.3, 0.4, 0.5, 0.6, 0.7, 0.8, 0.9]",id,timestamp,"['target_0', 'target_1', 'target_10', 'target_11', 'target_12', 'target_13', 'target_14', 'target_15', 'target_16', 'target_17', 'target_18', 'target_19', 'target_2', 'target_20', 'target_3', 'target_4', 'target_5', 'target_6', 'target_7', 'target_8', 'target_9']",,[],[],[],jena_weather_10T,0.4009840841266075,0.0,4.008869666969986,420,289a13db9929af4f,True,0.11.0.dev0,0.4009840841266075,0.47808461141548453,0.3097710003840791,0.29000683599692695,fracast-0,"{""model_id"":""ztxtech/fracast-0"",""weights"":""w8"",""batch_size"":512,""device"":""mps""}"
fracast-0,autogluon/fev_datasets,jena_weather_1D,28,11,-308,28,1,,1,SQL,"['MASE', {'name': 'WAPE', 'epsilon': 1.0}, {'name': 'WQL', 'epsilon': 1.0}]","[0.1, 0.2, 0.3, 0.4, 0.5, 0.6, 0.7, 0.8, 0.9]",id,timestamp,"['target_0', 'target_1', 'target_10', 'target_11', 'target_12', 'target_13', 'target_14', 'target_15', 'target_16', 'target_17', 'target_18', 'target_19', 'target_2', 'target_20', 'target_3', 'target_4', 'target_5', 'target_6', 'target_7', 'target_8', 'target_9']",,[],[],[],jena_weather_1D,1.1420914140119687,0.0,1.7430847500218078,231,a8ad906bff503daf,True,0.11.0.dev0,1.1420914140119687,1.4158993397721396,0.2798011642443714,0.2332344403142944,fracast-0,"{""model_id"":""ztxtech/fracast-0"",""weights"":""w8"",""batch_size"":512,""device"":""mps""}"
fracast-0,autogluon/fev_datasets,jena_weather_1H,24,20,-480,24,1,,24,SQL,"['MASE', {'name': 'WAPE', 'epsilon': 1.0}, {'name': 'WQL', 'epsilon': 1.0}]","[0.1, 0.2, 0.3, 0.4, 0.5, 0.6, 0.7, 0.8, 0.9]",id,timestamp,"['target_0', 'target_1', 'target_10', 'target_11', 'target_12', 'target_13', 'target_14', 'target_15', 'target_16', 'target_17', 'target_18', 'target_19', 'target_2', 'target_20', 'target_3', 'target_4', 'target_5', 'target_6', 'target_7', 'target_8', 'target_9']",,[],[],[],jena_weather_1H,0.3844653955832397,0.0,2.237958332974813,420,20626aa7356b69f9,True,0.11.0.dev0,0.3844653955832397,0.48775844704620114,0.2824303093995009,0.27164801832393615,fracast-0,"{""model_id"":""ztxtech/fracast-0"",""weights"":""w8"",""batch_size"":512,""device"":""mps""}"
fracast-0,autogluon/fev_datasets,bizitobs_l2c_1H,24,20,-480,24,1,,24,SQL,"['MASE', {'name': 'WAPE', 'epsilon': 1.0}, {'name': 'WQL', 'epsilon': 1.0}]","[0.1, 0.2, 0.3, 0.4, 0.5, 0.6, 0.7, 0.8, 0.9]",id,timestamp,"['target_0', 'target_1', 'target_2', 'target_3', 'target_4', 'target_5', 'target_6']",,[],[],[],bizitobs_l2c_1H,0.4211242331169043,0.0,1.7779580399947008,140,b0e17ddbdd539d9e,True,0.11.0.dev0,0.4211242331169043,0.5256687351062894,0.6440831903612975,0.5273273895048727,fracast-0,"{""model_id"":""ztxtech/fracast-0"",""weights"":""w8"",""batch_size"":512,""device"":""mps""}"
fracast-0,autogluon/fev_datasets,bizitobs_l2c_5T,288,20,-5760,288,1,,288,SQL,"['MASE', {'name': 'WAPE', 'epsilon': 1.0}, {'name': 'WQL', 'epsilon': 1.0}]","[0.1, 0.2, 0.3, 0.4, 0.5, 0.6, 0.7, 0.8, 0.9]",id,timestamp,"['target_0', 'target_1', 'target_2', 'target_3', 'target_4', 'target_5', 'target_6']",,[],[],[],bizitobs_l2c_5T,0.6992697664602526,0.0,5.628810208989307,140,cdf3cd0903314fa4,True,0.11.0.dev0,0.6992697664602526,0.7670027607293499,1.383122828494121,1.3053794040380635,fracast-0,"{""model_id"":""ztxtech/fracast-0"",""weights"":""w8"",""batch_size"":512,""device"":""mps""}"
fracast-0,autogluon/fev_datasets,australian_tourism,8,2,-16,8,1,,4,SQL,"['MASE', {'name': 'WAPE', 'epsilon': 1.0}, {'name': 'WQL', 'epsilon': 1.0}]","[0.1, 0.2, 0.3, 0.4, 0.5, 0.6, 0.7, 0.8, 0.9]",id,timestamp,target,,[],[],[],australian_tourism,0.7998645519057146,0.0,3.7614029999967897,178,7013fcb0b68de2bf,True,0.11.0.dev0,0.7998645519057146,0.9725297313354885,0.11108273313788877,0.09217384349475907,fracast-0,"{""model_id"":""ztxtech/fracast-0"",""weights"":""w8"",""batch_size"":512,""device"":""mps""}"
fracast-0,autogluon/fev_datasets,world_tourism,5,2,-10,5,1,,1,SQL,"['MASE', {'name': 'WAPE', 'epsilon': 1.0}, {'name': 'WQL', 'epsilon': 1.0}]","[0.1, 0.2, 0.3, 0.4, 0.5, 0.6, 0.7, 0.8, 0.9]",id,timestamp,target,,[],[],[],world_tourism,2.7812783858590056,0.0,2.602710332997958,356,893ed5f68fefe071,True,0.11.0.dev0,2.7812783858590056,3.699503299669833,0.1050442050633194,0.06785408932822835,fracast-0,"{""model_id"":""ztxtech/fracast-0"",""weights"":""w8"",""batch_size"":512,""device"":""mps""}"
fracast-0,autogluon/fev_datasets,world_co2_emissions,5,9,-45,5,1,,1,SQL,"['MASE', {'name': 'WAPE', 'epsilon': 1.0}, {'name': 'WQL', 'epsilon': 1.0}]","[0.1, 0.2, 0.3, 0.4, 0.5, 0.6, 0.7, 0.8, 0.9]",id,timestamp,target,,[],[],[],world_co2_emissions,2.6350615267594106,0.0,6.119470501012984,1719,0604d178ae264900,True,0.11.0.dev0,2.6350615267594106,3.3438850345717643,0.08221302575346695,0.06634589485659709,fracast-0,"{""model_id"":""ztxtech/fracast-0"",""weights"":""w8"",""batch_size"":512,""device"":""mps""}"
fracast-0,autogluon/fev_datasets,world_life_expectancy,5,10,-50,5,1,,1,SQL,"['MASE', {'name': 'WAPE', 'epsilon': 1.0}, {'name': 'WQL', 'epsilon': 1.0}]","[0.1, 0.2, 0.3, 0.4, 0.5, 0.6, 0.7, 0.8, 0.9]",id,timestamp,target,,[],[],[],world_life_expectancy,1.29094898113499,0.0,7.012945042995852,2370,34b64743f43fc2a0,True,0.11.0.dev0,1.29094898113499,1.6337177838039214,0.01288091172667874,0.01030630813016117,fracast-0,"{""model_id"":""ztxtech/fracast-0"",""weights"":""w8"",""batch_size"":512,""device"":""mps""}"
fracast-0,autogluon/fev_datasets,ercot_1H,168,20,-3360,168,1,,24,SQL,"['MASE', {'name': 'WAPE', 'epsilon': 1.0}, {'name': 'WQL', 'epsilon': 1.0}]","[0.1, 0.2, 0.3, 0.4, 0.5, 0.6, 0.7, 0.8, 0.9]",id,timestamp,target,,[],[],[],ercot_1H,1.0671287779090437,0.0,2.1930697479692753,160,6ed98f4d1d5e8850,True,0.11.0.dev0,1.0671287779090437,1.3410583346540674,0.0692992784755569,0.05477755484941175,fracast-0,"{""model_id"":""ztxtech/fracast-0"",""weights"":""w8"",""batch_size"":512,""device"":""mps""}"
fracast-0,autogluon/fev_datasets,ercot_1D,28,20,-560,28,1,,7,SQL,"['MASE', {'name': 'WAPE', 'epsilon': 1.0}, {'name': 'WQL', 'epsilon': 1.0}]","[0.1, 0.2, 0.3, 0.4, 0.5, 0.6, 0.7, 0.8, 0.9]",id,timestamp,target,,[],[],[],ercot_1D,0.8673523184265438,0.0,1.1232640019443352,160,765631b415c5e31b,True,0.11.0.dev0,0.8673523184265438,1.0911321085548447,0.07942677664404219,0.06278303890279666,fracast-0,"{""model_id"":""ztxtech/fracast-0"",""weights"":""w8"",""batch_size"":512,""device"":""mps""}"
fracast-0,autogluon/fev_datasets,ercot_1W,13,20,-260,13,1,,1,SQL,"['MASE', {'name': 'WAPE', 'epsilon': 1.0}, {'name': 'WQL', 'epsilon': 1.0}]","[0.1, 0.2, 0.3, 0.4, 0.5, 0.6, 0.7, 0.8, 0.9]",id,timestamp,target,,[],[],[],ercot_1W,1.184340299728794,0.0,0.9851669169584056,160,5ac87e3ab310fdc5,True,0.11.0.dev0,1.184340299728794,1.5493454434622773,0.07279091709516435,0.05641100700734954,fracast-0,"{""model_id"":""ztxtech/fracast-0"",""weights"":""w8"",""batch_size"":512,""device"":""mps""}"
fracast-0,autogluon/fev_datasets,ercot_1M,12,15,-180,12,1,,12,SQL,"['MASE', {'name': 'WAPE', 'epsilon': 1.0}, {'name': 'WQL', 'epsilon': 1.0}]","[0.1, 0.2, 0.3, 0.4, 0.5, 0.6, 0.7, 0.8, 0.9]",id,timestamp,target,,[],[],[],ercot_1M,0.8569568443123889,0.0,0.5084382059576456,120,7f70bf68861c13d6,True,0.11.0.dev0,0.8569568443123889,1.0640871009182928,0.05190991913541228,0.042403303878810444,fracast-0,"{""model_id"":""ztxtech/fracast-0"",""weights"":""w8"",""batch_size"":512,""device"":""mps""}"
fracast-0,autogluon/fev_datasets,uk_covid_utla_1D,28,10,-280,28,1,,7,SQL,"['MASE', {'name': 'WAPE', 'epsilon': 1.0}, {'name': 'WQL', 'epsilon': 1.0}]","[0.1, 0.2, 0.3, 0.4, 0.5, 0.6, 0.7, 0.8, 0.9]",id,timestamp,new_cases,,[],[],[],uk_covid_utla_1D/new,3.9370925402222197,0.0,6.649476414982928,2140,da1326db1e917a89,True,0.11.0.dev0,3.9370925402222197,4.420993781718811,0.44636991154777084,0.3895567957487532,fracast-0,"{""model_id"":""ztxtech/fracast-0"",""weights"":""w8"",""batch_size"":512,""device"":""mps""}"
fracast-0,autogluon/fev_datasets,uk_covid_utla_1W,13,5,-65,13,1,,1,SQL,"['MASE', {'name': 'WAPE', 'epsilon': 1.0}, {'name': 'WQL', 'epsilon': 1.0}]","[0.1, 0.2, 0.3, 0.4, 0.5, 0.6, 0.7, 0.8, 0.9]",id,timestamp,cumulative_cases,,[],[],[],uk_covid_utla_1W/cumulative,16.940300286541696,0.0,3.5018726660200628,1070,4c07446a089a723d,True,0.11.0.dev0,16.940300286541696,22.181225924900374,0.2114361596719201,0.1652097473615639,fracast-0,"{""model_id"":""ztxtech/fracast-0"",""weights"":""w8"",""batch_size"":512,""device"":""mps""}"
fracast-0,autogluon/fev_datasets,uk_covid_nation_1D,28,20,-560,28,1,,7,SQL,"['MASE', {'name': 'WAPE', 'epsilon': 1.0}, {'name': 'WQL', 'epsilon': 1.0}]","[0.1, 0.2, 0.3, 0.4, 0.5, 0.6, 0.7, 0.8, 0.9]",id,timestamp,"['new_admissions', 'new_cases', 'new_deaths']",,[],"['hospital_cases', 'icu_ventilator_occupancy', 'new_vaccinated_1', 'new_vaccinated_2', 'new_vaccinated_3']",[],uk_covid_nation_1D/new,2.1839053556982235,0.0,1.338851453969255,240,49ed8b456f954821,True,0.11.0.dev0,2.1839053556982235,2.5737317794886727,0.5335682253662056,0.512158419623309,fracast-0,"{""model_id"":""ztxtech/fracast-0"",""weights"":""w8"",""batch_size"":512,""device"":""mps""}"
fracast-0,autogluon/fev_datasets,uk_covid_nation_1D,28,20,-560,28,1,,1,SQL,"['MASE', {'name': 'WAPE', 'epsilon': 1.0}, {'name': 'WQL', 'epsilon': 1.0}]","[0.1, 0.2, 0.3, 0.4, 0.5, 0.6, 0.7, 0.8, 0.9]",id,timestamp,"['cumulative_admissions', 'cumulative_cases', 'cumulative_deaths']",,[],"['cumulative_vaccinated_1', 'cumulative_vaccinated_2', 'cumulative_vaccinated_3', 'hospital_cases', 'icu_ventilator_occupancy']",[],uk_covid_nation_1D/cumulative,12.809968226099068,0.0,1.4345936280005844,240,49ed8b456f954821,True,0.11.0.dev0,12.809968226099068,13.778724780232483,0.034227428207652455,0.032476316046279555,fracast-0,"{""model_id"":""ztxtech/fracast-0"",""weights"":""w8"",""batch_size"":512,""device"":""mps""}"
fracast-0,autogluon/fev_datasets,uk_covid_nation_1W,8,4,-32,8,1,,1,SQL,"['MASE', {'name': 'WAPE', 'epsilon': 1.0}, {'name': 'WQL', 'epsilon': 1.0}]","[0.1, 0.2, 0.3, 0.4, 0.5, 0.6, 0.7, 0.8, 0.9]",id,timestamp,"['new_admissions', 'new_cases', 'new_deaths']",,[],"['hospital_cases', 'icu_ventilator_occupancy', 'new_vaccinated_1', 'new_vaccinated_2', 'new_vaccinated_3']",[],uk_covid_nation_1W/new,3.703203742232046,0.0,0.8075236239965307,48,92ea0a1b98c9e5ce,True,0.11.0.dev0,3.703203742232046,4.226851150659706,0.44582414363521605,0.4056464736050586,fracast-0,"{""model_id"":""ztxtech/fracast-0"",""weights"":""w8"",""batch_size"":512,""device"":""mps""}"
fracast-0,autogluon/fev_datasets,uk_covid_nation_1W,8,4,-32,8,1,,1,SQL,"['MASE', {'name': 'WAPE', 'epsilon': 1.0}, {'name': 'WQL', 'epsilon': 1.0}]","[0.1, 0.2, 0.3, 0.4, 0.5, 0.6, 0.7, 0.8, 0.9]",id,timestamp,"['cumulative_admissions', 'cumulative_cases', 'cumulative_deaths']",,[],"['cumulative_vaccinated_1', 'cumulative_vaccinated_2', 'cumulative_vaccinated_3', 'hospital_cases', 'icu_ventilator_occupancy']",[],uk_covid_nation_1W/cumulative,3.2091003998335887,0.0,0.2701991649955744,48,92ea0a1b98c9e5ce,True,0.11.0.dev0,3.2091003998335887,5.420949540922398,0.052407704591511436,0.030138617497961685,fracast-0,"{""model_id"":""ztxtech/fracast-0"",""weights"":""w8"",""batch_size"":512,""device"":""mps""}"
fracast-0,autogluon/fev_datasets,ecdc_ili,13,10,-130,13,1,,1,SQL,"['MASE', {'name': 'WAPE', 'epsilon': 1.0}, {'name': 'WQL', 'epsilon': 1.0}]","[0.1, 0.2, 0.3, 0.4, 0.5, 0.6, 0.7, 0.8, 0.9]",id,timestamp,target,,[],[],[],ecdc_ili,2.617188096030387,0.0,2.3567114579782356,240,6c8b131f985e4218,True,0.11.0.dev0,2.617188096030387,3.149142882400278,0.5644813509756623,0.4283261806086284,fracast-0,"{""model_id"":""ztxtech/fracast-0"",""weights"":""w8"",""batch_size"":512,""device"":""mps""}"
fracast-0,autogluon/fev_datasets,boomlet_1062,288,20,-5760,288,1,,288,SQL,"['MASE', {'name': 'WAPE', 'epsilon': 1.0}, {'name': 'WQL', 'epsilon': 1.0}]","[0.1, 0.2, 0.3, 0.4, 0.5, 0.6, 0.7, 0.8, 0.9]",id,timestamp,"['target_0', 'target_1', 'target_10', 'target_11', 'target_12', 'target_13', 'target_14', 'target_15', 'target_16', 'target_17', 'target_18', 'target_19', 'target_2', 'target_20', 'target_3', 'target_4', 'target_5', 'target_6', 'target_7', 'target_8', 'target_9']",,[],[],[],boomlet_1062,0.5703625672314387,0.0,8.284457751040463,420,eec81c201b8778e1,True,0.11.0.dev0,0.5703625672314387,0.6989834765711496,0.5919113235470415,0.4761160918450823,fracast-0,"{""model_id"":""ztxtech/fracast-0"",""weights"":""w8"",""batch_size"":512,""device"":""mps""}"
fracast-0,autogluon/fev_datasets,boomlet_1209,288,20,-5760,288,1,,288,SQL,"['MASE', {'name': 'WAPE', 'epsilon': 1.0}, {'name': 'WQL', 'epsilon': 1.0}]","[0.1, 0.2, 0.3, 0.4, 0.5, 0.6, 0.7, 0.8, 0.9]",id,timestamp,"['target_0', 'target_1', 'target_10', 'target_11', 'target_12', 'target_13', 'target_14', 'target_15', 'target_16', 'target_17', 'target_18', 'target_19', 'target_2', 'target_20', 'target_21', 'target_22', 'target_23', 'target_24', 'target_25', 'target_26', 'target_27', 'target_28', 'target_29', 'target_3', 'target_30', 'target_31', 'target_32', 'target_33', 'target_34', 'target_35', 'target_36', 'target_37', 'target_38', 'target_39', 'target_4', 'target_40', 'target_41', 'target_42', 'target_43', 'target_44', 'target_45', 'target_46', 'target_47', 'target_48', 'target_49', 'target_5', 'target_50', 'target_51', 'target_52', 'target_6', 'target_7', 'target_8', 'target_9']",,[],[],[],boomlet_1209,0.7618431324023702,0.0,21.64370766398497,1060,161694bf9dc519eb,True,0.11.0.dev0,0.7618431324023702,0.8715991076380215,0.33094125609068625,0.2892981306221033,fracast-0,"{""model_id"":""ztxtech/fracast-0"",""weights"":""w8"",""batch_size"":512,""device"":""mps""}"
fracast-0,autogluon/fev_datasets,boomlet_1225,60,20,-1200,60,1,,1440,SQL,"['MASE', {'name': 'WAPE', 'epsilon': 1.0}, {'name': 'WQL', 'epsilon': 1.0}]","[0.1, 0.2, 0.3, 0.4, 0.5, 0.6, 0.7, 0.8, 0.9]",id,timestamp,"['target_0', 'target_1', 'target_10', 'target_11', 'target_12', 'target_13', 'target_14', 'target_15', 'target_16', 'target_17', 'target_18', 'target_19', 'target_2', 'target_20', 'target_21', 'target_22', 'target_23', 'target_24', 'target_25', 'target_26', 'target_27', 'target_28', 'target_29', 'target_3', 'target_30', 'target_31', 'target_32', 'target_33', 'target_34', 'target_35', 'target_36', 'target_37', 'target_38', 'target_39', 'target_4', 'target_40', 'target_41', 'target_42', 'target_43', 'target_44', 'target_45', 'target_46', 'target_47', 'target_48', 'target_5', 'target_6', 'target_7', 'target_8', 'target_9']",,[],[],[],boomlet_1225,0.2023519139788052,0.0,7.0763062100013485,980,16ca972263ae30e6,True,0.11.0.dev0,0.2023519139788052,0.2467278902937365,0.12932384170030192,0.10579964604511335,fracast-0,"{""model_id"":""ztxtech/fracast-0"",""weights"":""w8"",""batch_size"":512,""device"":""mps""}"
fracast-0,autogluon/fev_datasets,boomlet_1230,288,20,-5760,288,1,,288,SQL,"['MASE', {'name': 'WAPE', 'epsilon': 1.0}, {'name': 'WQL', 'epsilon': 1.0}]","[0.1, 0.2, 0.3, 0.4, 0.5, 0.6, 0.7, 0.8, 0.9]",id,timestamp,"['target_0', 'target_1', 'target_10', 'target_11', 'target_12', 'target_13', 'target_14', 'target_15', 'target_16', 'target_17', 'target_18', 'target_19', 'target_2', 'target_20', 'target_21', 'target_22', 'target_3', 'target_4', 'target_5', 'target_6', 'target_7', 'target_8', 'target_9']",,[],[],[],boomlet_1230,1.300824911016821,0.0,10.442001293966314,460,71842e1d5b103a62,True,0.11.0.dev0,1.300824911016821,1.4633371598154608,0.3246267367396414,0.2837319161722129,fracast-0,"{""model_id"":""ztxtech/fracast-0"",""weights"":""w8"",""batch_size"":512,""device"":""mps""}"
fracast-0,autogluon/fev_datasets,boomlet_1282,60,20,-1200,60,1,,1440,SQL,"['MASE', {'name': 'WAPE', 'epsilon': 1.0}, {'name': 'WQL', 'epsilon': 1.0}]","[0.1, 0.2, 0.3, 0.4, 0.5, 0.6, 0.7, 0.8, 0.9]",id,timestamp,"['target_0', 'target_1', 'target_10', 'target_11', 'target_12', 'target_13', 'target_14', 'target_15', 'target_16', 'target_17', 'target_18', 'target_19', 'target_2', 'target_20', 'target_21', 'target_22', 'target_23', 'target_24', 'target_25', 'target_26', 'target_27', 'target_28', 'target_29', 'target_3', 'target_30', 'target_31', 'target_32', 'target_33', 'target_34', 'target_4', 'target_5', 'target_6', 'target_7', 'target_8', 'target_9']",,[],[],[],boomlet_1282,0.4489030435920819,0.0,5.393754500997602,700,9387ab4d0c15b634,True,0.11.0.dev0,0.4489030435920819,0.5333548394047799,0.3692438658030799,0.30755472407892387,fracast-0,"{""model_id"":""ztxtech/fracast-0"",""weights"":""w8"",""batch_size"":512,""device"":""mps""}"
fracast-0,autogluon/fev_datasets,boomlet_1487,288,20,-5760,288,1,,288,SQL,"['MASE', {'name': 'WAPE', 'epsilon': 1.0}, {'name': 'WQL', 'epsilon': 1.0}]","[0.1, 0.2, 0.3, 0.4, 0.5, 0.6, 0.7, 0.8, 0.9]",id,timestamp,"['target_0', 'target_1', 'target_10', 'target_11', 'target_12', 'target_13', 'target_14', 'target_15', 'target_16', 'target_17', 'target_18', 'target_19', 'target_2', 'target_20', 'target_21', 'target_22', 'target_23', 'target_24', 'target_25', 'target_26', 'target_27', 'target_28', 'target_29', 'target_3', 'target_30', 'target_31', 'target_32', 'target_33', 'target_34', 'target_35', 'target_36', 'target_37', 'target_38', 'target_39', 'target_4', 'target_40', 'target_41', 'target_42', 'target_43', 'target_44', 'target_45', 'target_46', 'target_47', 'target_48', 'target_49', 'target_5', 'target_50', 'target_51', 'target_52', 'target_53', 'target_6', 'target_7', 'target_8', 'target_9']",,[],[],[],boomlet_1487,0.48778081810391727,0.0,25.351178375960444,1080,acf7534da4aae38f,True,0.11.0.dev0,0.48778081810391727,0.5568010686819542,0.21900841951289332,0.19159003775331654,fracast-0,"{""model_id"":""ztxtech/fracast-0"",""weights"":""w8"",""batch_size"":512,""device"":""mps""}"
fracast-0,autogluon/fev_datasets,boomlet_1631,96,20,-1920,96,1,,48,SQL,"['MASE', {'name': 'WAPE', 'epsilon': 1.0}, {'name': 'WQL', 'epsilon': 1.0}]","[0.1, 0.2, 0.3, 0.4, 0.5, 0.6, 0.7, 0.8, 0.9]",id,timestamp,"['target_0', 'target_1', 'target_10', 'target_11', 'target_12', 'target_13', 'target_14', 'target_15', 'target_16', 'target_17', 'target_18', 'target_19', 'target_2', 'target_20', 'target_21', 'target_22', 'target_23', 'target_24', 'target_25', 'target_26', 'target_27', 'target_28', 'target_29', 'target_3', 'target_30', 'target_31', 'target_32', 'target_33', 'target_34', 'target_35', 'target_36', 'target_37', 'target_38', 'target_39', 'target_4', 'target_5', 'target_6', 'target_7', 'target_8', 'target_9']",,[],[],[],boomlet_1631,0.6106173249034212,0.0,5.394124627026031,800,74d0d6952f666083,True,0.11.0.dev0,0.6106173249034212,0.7544720747779318,0.32616538654957145,0.2640229227673442,fracast-0,"{""model_id"":""ztxtech/fracast-0"",""weights"":""w8"",""batch_size"":512,""device"":""mps""}"
fracast-0,autogluon/fev_datasets,boomlet_1676,96,20,-1920,96,1,,48,SQL,"['MASE', {'name': 'WAPE', 'epsilon': 1.0}, {'name': 'WQL', 'epsilon': 1.0}]","[0.1, 0.2, 0.3, 0.4, 0.5, 0.6, 0.7, 0.8, 0.9]",id,timestamp,"['target_0', 'target_1', 'target_10', 'target_11', 'target_12', 'target_13', 'target_14', 'target_15', 'target_16', 'target_17', 'target_18', 'target_19', 'target_2', 'target_20', 'target_21', 'target_22', 'target_23', 'target_24', 'target_25', 'target_26', 'target_27', 'target_28', 'target_29', 'target_3', 'target_30', 'target_31', 'target_32', 'target_33', 'target_34', 'target_35', 'target_36', 'target_37', 'target_38', 'target_39', 'target_4', 'target_40', 'target_41', 'target_42', 'target_43', 'target_44', 'target_45', 'target_46', 'target_47', 'target_48', 'target_49', 'target_5', 'target_50', 'target_51', 'target_52', 'target_53', 'target_54', 'target_55', 'target_56', 'target_57', 'target_58', 'target_59', 'target_6', 'target_60', 'target_61', 'target_62', 'target_63', 'target_64', 'target_65', 'target_66', 'target_67', 'target_68', 'target_69', 'target_7', 'target_70', 'target_71', 'target_72', 'target_73', 'target_74', 'target_75', 'target_76', 'target_77', 'target_78', 'target_79', 'target_8', 'target_80', 'target_81', 'target_82', 'target_83', 'target_84', 'target_85', 'target_86', 'target_87', 'target_88', 'target_89', 'target_9', 'target_90', 'target_91', 'target_92', 'target_93', 'target_94', 'target_95', 'target_96', 'target_97', 'target_98', 'target_99']",,[],[],[],boomlet_1676,0.6173747461984801,0.0,16.52604154398432,2000,abbc88acc77da441,True,0.11.0.dev0,0.6173747461984801,0.730847297084547,0.3280595995497005,0.2611675721095953,fracast-0,"{""model_id"":""ztxtech/fracast-0"",""weights"":""w8"",""batch_size"":512,""device"":""mps""}"
fracast-0,autogluon/fev_datasets,boomlet_1855,24,20,-480,24,1,,24,SQL,"['MASE', {'name': 'WAPE', 'epsilon': 1.0}, {'name': 'WQL', 'epsilon': 1.0}]","[0.1, 0.2, 0.3, 0.4, 0.5, 0.6, 0.7, 0.8, 0.9]",id,timestamp,"['target_0', 'target_1', 'target_10', 'target_11', 'target_12', 'target_13', 'target_14', 'target_15', 'target_16', 'target_17', 'target_18', 'target_19', 'target_2', 'target_20', 'target_21', 'target_22', 'target_23', 'target_24', 'target_25', 'target_26', 'target_27', 'target_28', 'target_29', 'target_3', 'target_30', 'target_31', 'target_32', 'target_33', 'target_34', 'target_35', 'target_36', 'target_37', 'target_38', 'target_39', 'target_4', 'target_40', 'target_41', 'target_42', 'target_43', 'target_44', 'target_45', 'target_46', 'target_47', 'target_48', 'target_49', 'target_5', 'target_50', 'target_51', 'target_6', 'target_7', 'target_8', 'target_9']",,[],[],[],boomlet_1855,0.6092099561239099,0.0,4.663423124962719,1040,d0c354b056fd7763,True,0.11.0.dev0,0.6092099561239099,0.6469436786432659,0.18338922742590497,0.15901672987445337,fracast-0,"{""model_id"":""ztxtech/fracast-0"",""weights"":""w8"",""batch_size"":512,""device"":""mps""}"
fracast-0,autogluon/fev_datasets,boomlet_1975,24,20,-480,24,1,,24,SQL,"['MASE', {'name': 'WAPE', 'epsilon': 1.0}, {'name': 'WQL', 'epsilon': 1.0}]","[0.1, 0.2, 0.3, 0.4, 0.5, 0.6, 0.7, 0.8, 0.9]",id,timestamp,"['target_0', 'target_1', 'target_10', 'target_11', 'target_12', 'target_13', 'target_14', 'target_15', 'target_16', 'target_17', 'target_18', 'target_19', 'target_2', 'target_20', 'target_21', 'target_22', 'target_23', 'target_24', 'target_25', 'target_26', 'target_27', 'target_28', 'target_29', 'target_3', 'target_30', 'target_31', 'target_32', 'target_33', 'target_34', 'target_35', 'target_36', 'target_37', 'target_38', 'target_39', 'target_4', 'target_40', 'target_41', 'target_42', 'target_43', 'target_44', 'target_45', 'target_46', 'target_47', 'target_48', 'target_49', 'target_5', 'target_50', 'target_51', 'target_52', 'target_53', 'target_54', 'target_55', 'target_56', 'target_57', 'target_58', 'target_59', 'target_6', 'target_60', 'target_61', 'target_62', 'target_63', 'target_64', 'target_65', 'target_66', 'target_67', 'target_68', 'target_69', 'target_7', 'target_70', 'target_71', 'target_72', 'target_73', 'target_74', 'target_8', 'target_9']",,[],[],[],boomlet_1975,0.30967864508064724,0.0,6.860157584975241,1500,8d750d7893416ec7,True,0.11.0.dev0,0.30967864508064724,0.38643507559054935,0.21822880603257738,0.17353552240445036,fracast-0,"{""model_id"":""ztxtech/fracast-0"",""weights"":""w8"",""batch_size"":512,""device"":""mps""}"
fracast-0,autogluon/fev_datasets,boomlet_2187,24,20,-480,24,1,,24,SQL,"['MASE', {'name': 'WAPE', 'epsilon': 1.0}, {'name': 'WQL', 'epsilon': 1.0}]","[0.1, 0.2, 0.3, 0.4, 0.5, 0.6, 0.7, 0.8, 0.9]",id,timestamp,"['target_0', 'target_1', 'target_10', 'target_11', 'target_12', 'target_13', 'target_14', 'target_15', 'target_16', 'target_17', 'target_18', 'target_19', 'target_2', 'target_20', 'target_21', 'target_22', 'target_23', 'target_24', 'target_25', 'target_26', 'target_27', 'target_28', 'target_29', 'target_3', 'target_30', 'target_31', 'target_32', 'target_33', 'target_34', 'target_35', 'target_36', 'target_37', 'target_38', 'target_39', 'target_4', 'target_40', 'target_41', 'target_42', 'target_43', 'target_44', 'target_45', 'target_46', 'target_47', 'target_48', 'target_49', 'target_5', 'target_50', 'target_51', 'target_52', 'target_53', 'target_54', 'target_55', 'target_56', 'target_57', 'target_58', 'target_59', 'target_6', 'target_60', 'target_61', 'target_62', 'target_63', 'target_64', 'target_65', 'target_66', 'target_67', 'target_68', 'target_69', 'target_7', 'target_70', 'target_71', 'target_72', 'target_73', 'target_74', 'target_75', 'target_76', 'target_77', 'target_78', 'target_79', 'target_8', 'target_80', 'target_81', 'target_82', 'target_83', 'target_84', 'target_85', 'target_86', 'target_87', 'target_88', 'target_89', 'target_9', 'target_90', 'target_91', 'target_92', 'target_93', 'target_94', 'target_95', 'target_96', 'target_97', 'target_98', 'target_99']",,[],[],[],boomlet_2187,0.8537712662171157,0.0,8.020953707018634,2000,a13b0fc5b533c30e,True,0.11.0.dev0,0.8537712662171157,0.9732476160155971,0.3153188576361654,0.2774942137191342,fracast-0,"{""model_id"":""ztxtech/fracast-0"",""weights"":""w8"",""batch_size"":512,""device"":""mps""}"
fracast-0,autogluon/fev_datasets,boomlet_285,60,20,-1200,60,1,,1440,SQL,"['MASE', {'name': 'WAPE', 'epsilon': 1.0}, {'name': 'WQL', 'epsilon': 1.0}]","[0.1, 0.2, 0.3, 0.4, 0.5, 0.6, 0.7, 0.8, 0.9]",id,timestamp,"['target_0', 'target_1', 'target_10', 'target_11', 'target_12', 'target_13', 'target_14', 'target_15', 'target_16', 'target_17', 'target_18', 'target_19', 'target_2', 'target_20', 'target_21', 'target_22', 'target_23', 'target_24', 'target_25', 'target_26', 'target_27', 'target_28', 'target_29', 'target_3', 'target_30', 'target_31', 'target_32', 'target_33', 'target_34', 'target_35', 'target_36', 'target_37', 'target_38', 'target_39', 'target_4', 'target_40', 'target_41', 'target_42', 'target_43', 'target_44', 'target_45', 'target_46', 'target_47', 'target_48', 'target_49', 'target_5', 'target_50', 'target_51', 'target_52', 'target_53', 'target_54', 'target_55', 'target_56', 'target_57', 'target_58', 'target_59', 'target_6', 'target_60', 'target_61', 'target_62', 'target_63', 'target_64', 'target_65', 'target_66', 'target_67', 'target_68', 'target_69', 'target_7', 'target_70', 'target_71', 'target_72', 'target_73', 'target_74', 'target_8', 'target_9']",,[],[],[],boomlet_285,0.5830856042517545,0.0,11.098300208002911,1500,0ced6efaa846e1bd,True,0.11.0.dev0,0.5830856042517545,0.537065394909115,0.22608461247161057,0.19070990217817363,fracast-0,"{""model_id"":""ztxtech/fracast-0"",""weights"":""w8"",""batch_size"":512,""device"":""mps""}"
fracast-0,autogluon/fev_datasets,boomlet_619,60,20,-1200,60,1,,1440,SQL,"['MASE', {'name': 'WAPE', 'epsilon': 1.0}, {'name': 'WQL', 'epsilon': 1.0}]","[0.1, 0.2, 0.3, 0.4, 0.5, 0.6, 0.7, 0.8, 0.9]",id,timestamp,"['target_0', 'target_1', 'target_10', 'target_11', 'target_12', 'target_13', 'target_14', 'target_15', 'target_16', 'target_17', 'target_18', 'target_19', 'target_2', 'target_20', 'target_21', 'target_22', 'target_23', 'target_24', 'target_25', 'target_26', 'target_27', 'target_28', 'target_29', 'target_3', 'target_30', 'target_31', 'target_32', 'target_33', 'target_34', 'target_35', 'target_36', 'target_37', 'target_38', 'target_39', 'target_4', 'target_40', 'target_41', 'target_42', 'target_43', 'target_44', 'target_45', 'target_46', 'target_47', 'target_48', 'target_49', 'target_5', 'target_50', 'target_51', 'target_6', 'target_7', 'target_8', 'target_9']",,[],[],[],boomlet_619,0.5240791648912898,0.0,7.633829625017825,1040,83721e76c6faf4a6,True,0.11.0.dev0,0.5240791648912898,0.6856723895715644,0.5626504211603427,0.43052582909810677,fracast-0,"{""model_id"":""ztxtech/fracast-0"",""weights"":""w8"",""batch_size"":512,""device"":""mps""}"
fracast-0,autogluon/fev_datasets,boomlet_772,60,20,-1200,60,1,,1440,SQL,"['MASE', {'name': 'WAPE', 'epsilon': 1.0}, {'name': 'WQL', 'epsilon': 1.0}]","[0.1, 0.2, 0.3, 0.4, 0.5, 0.6, 0.7, 0.8, 0.9]",id,timestamp,"['target_0', 'target_1', 'target_10', 'target_11', 'target_12', 'target_13', 'target_14', 'target_15', 'target_16', 'target_17', 'target_18', 'target_19', 'target_2', 'target_20', 'target_21', 'target_22', 'target_23', 'target_24', 'target_25', 'target_26', 'target_27', 'target_28', 'target_29', 'target_3', 'target_30', 'target_31', 'target_32', 'target_33', 'target_34', 'target_35', 'target_36', 'target_37', 'target_38', 'target_39', 'target_4', 'target_40', 'target_41', 'target_42', 'target_43', 'target_44', 'target_45', 'target_46', 'target_47', 'target_48', 'target_49', 'target_5', 'target_50', 'target_51', 'target_52', 'target_53', 'target_54', 'target_55', 'target_56', 'target_57', 'target_58', 'target_59', 'target_6', 'target_60', 'target_61', 'target_62', 'target_63', 'target_64', 'target_65', 'target_66', 'target_7', 'target_8', 'target_9']",,[],[],[],boomlet_772,0.36867661411124963,0.0,9.745736208016751,1340,f6a344659a6a948e,True,0.11.0.dev0,0.36867661411124963,0.39317130844882764,0.18173506546888912,0.1644132660948861,fracast-0,"{""model_id"":""ztxtech/fracast-0"",""weights"":""w8"",""batch_size"":512,""device"":""mps""}"
fracast-0,autogluon/fev_datasets,boomlet_963,60,20,-1200,60,1,,1440,SQL,"['MASE', {'name': 'WAPE', 'epsilon': 1.0}, {'name': 'WQL', 'epsilon': 1.0}]","[0.1, 0.2, 0.3, 0.4, 0.5, 0.6, 0.7, 0.8, 0.9]",id,timestamp,"['target_0', 'target_1', 'target_10', 'target_11', 'target_12', 'target_13', 'target_14', 'target_15', 'target_16', 'target_17', 'target_18', 'target_19', 'target_2', 'target_20', 'target_21', 'target_22', 'target_23', 'target_24', 'target_25', 'target_26', 'target_27', 'target_3', 'target_4', 'target_5', 'target_6', 'target_7', 'target_8', 'target_9']",,[],[],[],boomlet_963,0.7541092885827785,0.0,4.84185987697856,560,5bbc9fb121124724,True,0.11.0.dev0,0.7541092885827785,0.8560526910340828,0.4086814180466806,0.34526248277190164,fracast-0,"{""model_id"":""ztxtech/fracast-0"",""weights"":""w8"",""batch_size"":512,""device"":""mps""}"
fracast-0,autogluon/fev_datasets,fred_md_2025,12,20,-240,12,1,,1,SQL,"['MASE', {'name': 'WAPE', 'epsilon': 1.0}, {'name': 'WQL', 'epsilon': 1.0}]","[0.1, 0.2, 0.3, 0.4, 0.5, 0.6, 0.7, 0.8, 0.9]",id,timestamp,"['CPIAUCSL', 'FEDFUNDS', 'PAYEMS']",,[],"['M2REAL', 'NONBORRES', 'PPICMM', 'TOTRESNS']",[],fred_md_2025/cee,4.6655854727655885,0.0,0.7953728800493991,60,74fe4767146a4d96,True,0.11.0.dev0,4.6655854727655885,5.4331334326448495,0.12253307574519079,0.09776842894007108,fracast-0,"{""model_id"":""ztxtech/fracast-0"",""weights"":""w8"",""batch_size"":512,""device"":""mps""}"
fracast-0,autogluon/fev_datasets,fred_qd_2025,8,20,-160,8,1,,1,SQL,"['MASE', {'name': 'WAPE', 'epsilon': 1.0}, {'name': 'WQL', 'epsilon': 1.0}]","[0.1, 0.2, 0.3, 0.4, 0.5, 0.6, 0.7, 0.8, 0.9]",id,timestamp,"['CPIAUCSL', 'FEDFUNDS', 'PAYEMS']",,[],"['M2REAL', 'NONBORRES', 'PPICMM', 'TOTRESNS']",[],fred_qd_2025/cee,3.0129655555867445,0.0,0.9825602910132147,60,d4ca154cc310644e,True,0.11.0.dev0,3.0129655555867445,3.1712339920201207,0.18805800455012858,0.1536756155197796,fracast-0,"{""model_id"":""ztxtech/fracast-0"",""weights"":""w8"",""batch_size"":512,""device"":""mps""}"
fracast-0,autogluon/fev_datasets,fred_md_2025,12,20,-240,12,1,,1,SQL,"['MASE', {'name': 'WAPE', 'epsilon': 1.0}, {'name': 'WQL', 'epsilon': 1.0}]","[0.1, 0.2, 0.3, 0.4, 0.5, 0.6, 0.7, 0.8, 0.9]",id,timestamp,"['AAA', 'AWHMAN', 'BAA', 'BUSINVx', 'CPIAUCSL', 'CPIMEDSL', 'CUMFNS', 'DMANEMP', 'EXUSUKx', 'FEDFUNDS', 'GS1', 'GS10', 'GS5', 'HOUST', 'INDPRO', 'INVEST', 'IPBUSEQ', 'IPCONGD', 'IPDCONGD', 'IPDMAT', 'IPFINAL', 'IPMANSICS', 'IPMAT', 'IPNCONGD', 'IPNMAT', 'M2REAL', 'MANEMP', 'NDMANEMP', 'NONBORRES', 'PAYEMS', 'PERMIT', 'PPICMM', 'S&P 500', 'SRVPRD', 'TB3MS', 'TB6MS', 'TOTRESNS', 'UEMP15T26', 'UEMP27OV', 'UEMP5TO14', 'UEMPLT5', 'UEMPMEAN', 'UMCSENTx', 'UNRATE', 'USCONS', 'USFIRE', 'USGOOD', 'USGOVT', 'USTPU', 'USTRADE', 'VIXCLSx']",,[],[],[],fred_md_2025/macro,6.25501403497097,0.0,3.260290959966369,1020,74fe4767146a4d96,True,0.11.0.dev0,6.25501403497097,7.235920484592922,0.0908374418191768,0.07604065686989091,fracast-0,"{""model_id"":""ztxtech/fracast-0"",""weights"":""w8"",""batch_size"":512,""device"":""mps""}"
fracast-0,autogluon/fev_datasets,fred_qd_2025,8,20,-160,8,1,,1,SQL,"['MASE', {'name': 'WAPE', 'epsilon': 1.0}, {'name': 'WQL', 'epsilon': 1.0}]","[0.1, 0.2, 0.3, 0.4, 0.5, 0.6, 0.7, 0.8, 0.9]",id,timestamp,"['AAA', 'AWHMAN', 'BAA', 'BUSINVx', 'CPIAUCSL', 'CPIMEDSL', 'CUMFNS', 'DMANEMP', 'EXUSUKx', 'FEDFUNDS', 'GS1', 'GS10', 'GS5', 'HOUST', 'INDPRO', 'INVEST', 'IPBUSEQ', 'IPCONGD', 'IPDCONGD', 'IPDMAT', 'IPFINAL', 'IPMANSICS', 'IPMAT', 'IPNCONGD', 'IPNMAT', 'M2REAL', 'MANEMP', 'NDMANEMP', 'NONBORRES', 'PAYEMS', 'PERMIT', 'PPICMM', 'S&P 500', 'SRVPRD', 'TB3MS', 'TB6MS', 'TOTRESNS', 'UEMP15T26', 'UEMP27OV', 'UEMP5TO14', 'UEMPLT5', 'UEMPMEAN', 'UMCSENTx', 'UNRATE', 'USCONS', 'USFIRE', 'USGOOD', 'USGOVT', 'USTPU', 'USTRADE', 'VIXCLSx']",,[],[],[],fred_qd_2025/macro,4.1147268793783125,0.0,2.931857250005123,1020,d4ca154cc310644e,True,0.11.0.dev0,4.1147268793783125,4.835197542679801,0.1183912531598936,0.09631872544560552,fracast-0,"{""model_id"":""ztxtech/fracast-0"",""weights"":""w8"",""batch_size"":512,""device"":""mps""}"
fracast-0,autogluon/fev_datasets,us_consumption_1M,12,10,-120,12,1,,12,SQL,"['MASE', {'name': 'WAPE', 'epsilon': 1.0}, {'name': 'WQL', 'epsilon': 1.0}]","[0.1, 0.2, 0.3, 0.4, 0.5, 0.6, 0.7, 0.8, 0.9]",id,timestamp,target,,[],[],[],us_consumption_1M,1.5198364557019308,0.0,1.2434138740063645,310,dee11a908eddc948,True,0.11.0.dev0,1.5198364557019308,1.9412313556462197,0.027284806689419232,0.02117416044723927,fracast-0,"{""model_id"":""ztxtech/fracast-0"",""weights"":""w8"",""batch_size"":512,""device"":""mps""}"
fracast-0,autogluon/fev_datasets,us_consumption_1Q,8,10,-80,8,1,,4,SQL,"['MASE', {'name': 'WAPE', 'epsilon': 1.0}, {'name': 'WQL', 'epsilon': 1.0}]","[0.1, 0.2, 0.3, 0.4, 0.5, 0.6, 0.7, 0.8, 0.9]",id,timestamp,target,,[],[],[],us_consumption_1Q,2.1415775197773628,0.0,0.9793800409970572,310,05aa7957a46336f0,True,0.11.0.dev0,2.1415775197773628,2.7507768056013946,0.04352275544271726,0.032331412637024125,fracast-0,"{""model_id"":""ztxtech/fracast-0"",""weights"":""w8"",""batch_size"":512,""device"":""mps""}"
fracast-0,autogluon/fev_datasets,us_consumption_1Y,5,10,-50,5,1,,1,SQL,"['MASE', {'name': 'WAPE', 'epsilon': 1.0}, {'name': 'WQL', 'epsilon': 1.0}]","[0.1, 0.2, 0.3, 0.4, 0.5, 0.6, 0.7, 0.8, 0.9]",id,timestamp,target,,[],[],[],us_consumption_1Y,3.648947880168504,0.0,1.0049014580290532,310,34316f35c64781aa,True,0.11.0.dev0,3.648947880168504,5.082264937471707,0.06890376228916044,0.04192554357128122,fracast-0,"{""model_id"":""ztxtech/fracast-0"",""weights"":""w8"",""batch_size"":512,""device"":""mps""}"
fracast-0,autogluon/fev_datasets,gvar,8,10,-80,8,1,,4,SQL,"['MASE', {'name': 'WAPE', 'epsilon': 1.0}, {'name': 'WQL', 'epsilon': 1.0}]","[0.1, 0.2, 0.3, 0.4, 0.5, 0.6, 0.7, 0.8, 0.9]",id,timestamp,"['Dp', 'ep', 'eq', 'lr', 'r', 'y']",,[],"['pmat', 'pmetal', 'poil']",[],gvar,0.6541003027111122,0.0,5.681732541983365,1980,d404e6be8d6f82fd,True,0.11.0.dev0,0.6541003027111122,0.754755428020157,0.01945395478454217,0.01625102910322167,fracast-0,"{""model_id"":""ztxtech/fracast-0"",""weights"":""w8"",""batch_size"":512,""device"":""mps""}"
