model,MASE-6750-scaled,CRPS-6750-scaled,Rank-6750-scaled,eval_metrics/MAE[0.5]-663-unscaled,CRPS-663-unscaled,Rank-663-unscaled
toto_2.0_2.5b,0.581,0.349,3.973,0.000,0.001,4.621
toto_2.0_1b,0.582,0.349,4.060,0.000,0.001,7.158
toto_2.0_313m,0.585,0.351,4.353,0.000,0.001,6.193
toto_2.0_22m,0.601,0.363,5.645,0.000,0.001,8.777
toto,0.617,0.375,7.101,0.001,0.025,15.087
toto_2.0_4m,0.624,0.377,7.324,0.000,0.001,6.005
chronos_2,0.641,0.392,7.561,0.000,0.002,12.733
timesfm_2_5_200m,0.632,0.382,7.849,0.000,0.001,8.781
moirai_1.1_base,0.710,0.428,10.838,0.000,0.003,13.084
moirai_1.1_large,0.720,0.436,11.209,0.001,0.005,14.451
moirai_1.1_small,0.729,0.442,11.727,0.000,0.006,15.017
fracast-0,0.723,0.434,11.808,0.001,0.002,13.125
moirai_2_small,0.672,0.427,11.821,0.001,0.002,13.644
timesfm_2_0_500m,0.725,0.447,12.469,0.014,0.091,18.763
chronos_bolt_base,0.726,0.451,12.932,0.003,0.019,16.146
chronos_bolt_small,0.733,0.455,13.350,0.003,0.022,16.302
autoarima,0.824,0.736,18.020,0.000,0.001,7.166
time_moe_50M,0.806,0.649,18.441,0.001,0.005,13.632
time_moe_200M,0.881,0.643,18.461,0.000,0.005,16.057
timer,0.796,0.639,18.533,0.001,0.005,11.997
visionts,0.988,0.673,19.668,0.001,0.009,17.448
autoets,0.842,1.975,20.283,0.000,0.030,14.078
autotheta,1.123,1.018,21.196,0.001,0.002,12.195
seasonalnaive,1.000,1.000,21.376,0.000,0.006,17.538
